,formula,atomic_number_avg,atomic_number_red,atomic_number_diff,atomic_radius_avg,atomic_radius_red,atomic_radius_diff,en_pauling_avg,en_pauling_red,en_pauling_diff,density_avg,density_red,density_diff,electron_affinity_avg,electron_affinity_red,electron_affinity_diff,en_allen_avg,en_allen_red,en_allen_diff,heat_of_formation_avg,heat_of_formation_red,heat_of_formation_diff,lattice_constant_avg,lattice_constant_red,lattice_constant_diff,melting_point_avg,melting_point_red,melting_point_diff,period_avg,period_red,period_diff,valence_avg,valence_red,valence_diff,C_11m,C_12m,C_44m,K,G,E,v,GK,cauchy
0,Nb16Mo24W24,53.75,24.77541274543451,22.625,141.25,70.71986607142857,6.875,2.0949999999999998,1.0081341945152904,0.4874999999999999,13.212500000000002,5.816918763726482,7.273750000000001,0.815949,0.41011534602483524,0.11014500000000003,8.6025,4.28917641299047,0.23375000000000068,749.4925000000001,370.7755561606641,132.01375,3.1912499999999997,1.5996451995895917,0.09437499999999996,3149.0,1537.5584502327413,636.25,5.375,2.65625,0.6875,5.75,2.8295454545454546,0.625,406.7373666666667,185.9265,112.91343333333332,259.53012222222225,111.90345820597187,293.52349939647314,0.31150325513715377,0.43117714910238714,73.01306666666669
1,Nb16V24Mo24,34.625,16.66100284551668,13.0625,141.25,70.71986607142857,6.875,1.82125,0.8879201400723269,0.38312500000000005,8.26625,4.005278843405822,2.8256250000000005,0.7067265,0.34879286954622724,0.25919125000000004,8.749875,4.354228170944275,0.47393749999999923,623.6800000000001,311.4840320520681,144.905,3.13875,1.5745952884886512,0.18312499999999987,2579.0,1280.6681026860824,501.875,4.625,2.3090277777777777,0.6875,5.375,2.65625,0.6875,285.79563333333334,168.9561666666667,57.415099999999995,207.9026555555556,57.814865794524025,158.73096543627045,0.3727521741588541,0.2780862305006719,111.5410666666667
2,Nb16V24W24,46.625,19.4289543121078,35.0625,137.5,69.00669642857143,6.25,1.89625,0.9118431327874053,0.5206249999999999,11.67125,4.709577171783685,9.068125000000002,0.7323240000000001,0.35914305278704395,0.2634575,8.734874999999999,4.3473210572844625,0.4764374999999993,695.6875,338.0291939711649,230.65625,3.1425,1.5763089887295771,0.18374999999999989,2875.25,1378.8332812351189,1045.0,5.0,2.4467171717171716,1.375,5.375,2.65625,0.6875,307.1145666666667,180.47313333333332,64.08266666666667,222.68694444444444,63.77679169468296,174.65667991002198,0.3692808564763773,0.2863966356617457,116.39046666666665
3,Nb24Mo16W24,53.625,24.74975682339553,22.6875,141.25,70.71986607142858,6.875,2.0250000000000004,0.9972434284475331,0.5224999999999999,13.006250000000001,5.770228614959413,7.376875,0.83712475,0.41271665214693687,0.11220037500000005,8.556249999999999,4.283296568356669,0.2518750000000006,758.745,372.1763100790425,127.38749999999999,3.21,1.6019417900916697,0.10249999999999992,3130.375,1534.5689824073008,645.5625,5.375,2.65625,0.6875,5.625,2.8125,0.6875,381.9834,179.00783333333334,98.51213333333332,246.6663555555556,99.69179946106823,263.5678493052301,0.3219133907205625,0.40415645350796564,80.49570000000001
4,Nb24Mo24W16,49.625,24.39753052690522,20.6875,142.5,70.88169642857143,6.25,2.0,0.9950942773622118,0.5099999999999999,11.87125,5.6906376516887125,6.809375000000001,0.82859225,0.41147304303172877,0.11646662500000005,8.561250000000001,4.283896143214309,0.2543750000000007,734.7425000000001,369.2518462152496,124.63874999999999,3.2087499999999998,1.6017784413984593,0.10312499999999994,3031.625,1524.3092275872264,596.1875,5.25,2.6420454545454546,0.625,5.625,2.8125,0.6875,376.4530666666667,172.65376666666668,95.77526666666667,240.58686666666668,98.17976134517485,259.27111335303175,0.3203898125271512,0.4080844590789862,76.87850000000002
5,Nb24V16Mo24,36.875,17.02884343865848,11.9375,142.5,70.88169642857143,6.25,1.8175000000000001,0.8873062625671342,0.385,8.57375,4.057615256078587,2.671875,0.75577725,0.35526534368261614,0.255841625,8.659500000000001,4.34291538680335,0.4749999999999994,650.8675000000001,315.0948461179577,140.56375,3.1737499999999996,1.5789585804866912,0.18437499999999987,2651.625,1291.3334482097132,465.5625,4.75,2.326388888888889,0.625,5.375,2.65625,0.6875,278.5538,168.73536666666664,56.295700000000004,205.34151111111112,55.73694755238957,153.33713564573782,0.375542995977754,0.27143536273203955,112.43966666666662
6,Nb24V16W24,48.875,19.981217871049978,33.9375,138.75,69.15736607142857,6.875,1.8925,0.9111822001527884,0.5224999999999999,11.978750000000002,4.790447295723092,8.914375,0.78137475,0.36617044642784485,0.25157537500000005,8.6445,4.336060238181168,0.47249999999999936,722.875,342.57733146749206,217.0625,3.1774999999999998,1.5806861366250153,0.18374999999999986,2947.875,1391.9473141707135,1008.6875,5.125,2.467171717171717,1.3125,5.375,2.65625,0.6875,304.1485333333333,179.32590000000002,64.1644,220.93344444444446,63.45732319907054,173.73807184189775,0.3689363424365375,0.2872237082920572,115.16150000000002
7,Nb24V24Mo16,34.5,16.65305512917053,13.0,141.25,70.71986607142858,6.875,1.7512500000000002,0.8803238503413255,0.35187500000000005,8.06,3.989219264937798,2.7225,0.7279022500000001,0.3503821900574971,0.269779125,8.703624999999999,4.348087146298754,0.4970624999999993,632.9325,312.3224339735964,149.53125,3.1575,1.5767880071867204,0.19249999999999987,2560.375,1278.9126153234308,492.5625,4.625,2.3090277777777777,0.6875,5.25,2.6420454545454546,0.625,258.6766666666667,161.17830000000004,49.098533333333336,193.67775555555562,48.958493767507356,135.46136005910535,0.38343063312344017,0.2527832565338864,112.0797666666667
8,Nb24V24W16,42.5,19.25320326507172,33.0,138.75,69.15736607142857,6.875,1.80125,0.9020506368416585,0.4768749999999998,10.330000000000002,4.642460341311601,8.3975,0.74496725,0.3600436836875177,0.269779125,8.693624999999999,4.341831572534212,0.4970624999999993,680.9375,336.8804554593378,223.28125,3.16,1.578352214631834,0.19249999999999987,2757.875,1369.2667264643565,986.3125,4.875,2.4356060606060606,1.3125,5.25,2.6420454545454546,0.625,272.5297,169.165,50.7823,203.6199,51.14042587710456,141.56927161201054,0.3841229241247945,0.25115632547263095,118.3827
9,Nb48Mo8W8,45.25,23.96833646429797,18.875,143.75,71.04352678571429,5.625,1.7650000000000001,0.9602728280736189,0.6024999999999998,10.1175,5.470976242116803,6.55125,0.883587,0.41803335228282545,0.12689900000000007,8.4275,4.266856184170548,0.3112500000000006,738.4975,370.5296441065918,108.01124999999999,3.2637499999999995,1.6085048642114828,0.12812499999999985,2877.0,1505.0810692908303,574.75,5.125,2.627840909090909,0.5625,5.25,2.7613636363636362,0.875,254.17486666666665,171.22583333333333,44.87846666666667,198.8755111111111,43.48442747499194,121.591246550258,0.3981010399663827,0.2186514932484439,126.34736666666666
10,Nb48V8Mo8,38.875,17.38078859910797,10.6875,143.75,71.04352678571429,5.625,1.67375,0.8714998055999384,0.32437499999999997,8.46875,4.077832511815303,2.311875,0.8471795000000001,0.3649164588415446,0.27366775000000004,8.476624999999999,4.319320553371385,0.5223124999999997,696.56,320.3824640269039,145.475,3.2462499999999994,1.5877073098808703,0.20437499999999986,2687.0,1298.4878190080403,410.625,4.875,2.34375,0.5625,5.125,2.627840909090909,0.5625,233.80343333333334,156.19546666666665,39.418033333333334,182.0647888888889,39.171254630441695,109.65002642452856,0.3996236201650116,0.2151500840414961,116.7774333333333
11,Nb48V8W8,42.875,20.18197933591999,28.6875,142.5,69.609375,8.75,1.69875,0.8909362756266781,0.43687499999999985,9.60375,4.737083758718331,7.4193750000000005,0.855712,0.37499910186959334,0.2523365,8.471625,4.3138204495773715,0.5098124999999994,720.5625,344.8279919401651,188.71875,3.2474999999999996,1.5891497363249678,0.2012499999999998,2785.75,1385.9282375647829,855.0,5.0,2.46540404040404,1.125,5.125,2.627840909090909,0.5625,240.3534,159.23246666666662,40.911233333333335,186.27277777777783,40.770563910155566,113.99479882670909,0.3980037052947656,0.21887558878192376,118.32123333333328
12,Nb8Mo48W8,45.875,24.096616074492875,18.5625,143.75,71.04352678571428,5.625,2.115,1.014726658412405,0.4274999999999999,11.148750000000001,5.704426985952148,6.0356250000000005,0.7777082499999999,0.4050268216723175,0.11662212500000003,8.658750000000001,4.296255407339549,0.22062500000000085,692.235,363.5258745146999,131.14249999999998,3.17,1.597021911701093,0.08750000000000002,2970.125,1520.028408418033,528.1875,5.125,2.627840909090909,0.5625,5.875,2.846590909090909,0.5625,414.84499999999997,183.25109999999998,115.57216666666666,260.4490666666666,115.66202759777964,302.2450560019352,0.30658722780222725,0.4440869344554367,67.67893333333332
13,Nb8Mo8W48,65.875,25.857747556944418,28.5625,137.5,70.234375,8.75,2.24,1.0254724138390114,0.48999999999999977,16.82375,6.102381802305654,8.873125,0.82037075,0.41124486724835807,0.09529087500000002,8.63375,4.293257533051352,0.20812500000000056,812.2475,378.1481938336645,144.88625,3.17625,1.5978386551671453,0.08437499999999995,3463.875,1571.3271825184052,775.0625,5.75,2.6988636363636362,0.875,5.875,2.846590909090909,0.5625,467.08459999999997,200.97553333333335,131.72706666666667,289.6785555555556,132.25645769138555,344.3617784005616,0.3018713203559185,0.4565628181821727,69.24846666666667
14,Nb8V48Mo8,27.625,15.54158563339898,16.3125,137.5,70.234375,8.75,1.6925,0.8745691931259025,0.31500000000000006,6.93125,3.81615044845148,3.0806250000000004,0.60192575,0.3325540881596003,0.290415875,8.9285,4.37588447407601,0.5169999999999988,560.6225,302.32839369745585,167.18125,3.07125,1.56589084989067,0.19812499999999986,2323.875,1245.1610913898871,592.1875,4.25,2.2569444444444446,0.875,5.125,2.627840909090909,0.5625,245.10613333333333,161.65703333333332,43.79319999999999,189.4734,42.953672002772606,119.80754796030773,0.39461357288119975,0.2267002756206022,117.86383333333333
15,Nb8V48W8,31.625,17.4206615412091,34.3125,136.25,68.85602678571428,5.625,1.7174999999999998,0.8942409387997623,0.4274999999999999,8.06625,4.332733139021298,8.188125000000001,0.61045825,0.3398621336655887,0.311747125,8.923499999999999,4.370124545093846,0.5294999999999991,584.625,322.0873044585293,256.6875,3.0725000000000002,1.567263996847777,0.20124999999999993,2422.625,1320.3580728868105,1036.5625,4.375,2.363131313131313,1.4375,5.125,2.627840909090909,0.5625,246.68093333333331,166.97116666666668,40.9411,193.54108888888888,40.503099155831094,113.58578400149479,0.4021863310321804,0.20927390348146566,126.03006666666667
16,Nb8V8Mo48,39.5,17.42052718083874,11.0,143.75,71.04352678571428,5.625,2.02375,0.9094812542549454,0.4806250000000001,9.5,4.158130404155424,2.8275000000000006,0.74130075,0.35696985628519556,0.22072837500000003,8.707875000000001,4.350025676598985,0.4066874999999994,650.2975,316.1904544192624,122.34375,3.1525,1.576743716390523,0.1574999999999999,2780.125,1307.2652558212994,457.1875,4.875,2.34375,0.5625,5.75,2.6988636363636362,0.875,383.60313333333335,170.68439999999998,106.73299999999999,241.6573111111111,106.62346235472502,278.8580289506366,0.3076766726206344,0.4412176145819186,63.95139999999999
17,Nb8V8W48,63.5,21.060734571100404,39.0,136.25,68.85602678571428,5.625,2.17375,0.9398987553554117,0.6556249999999999,16.310000000000002,5.072667911078748,10.7725,0.79249575,0.37049594736722447,0.22072837500000003,8.677875,4.341267873328626,0.4066874999999994,794.3125,350.57168449930043,225.59375,3.16,1.5789336068136821,0.1574999999999999,3372.625,1433.7610114185952,1148.4375,5.625,2.520959595959596,1.4375,5.75,2.6988636363636362,0.875,437.2498666666667,199.18153333333336,123.69493333333332,278.5376444444445,121.80906535626579,318.93531968636194,0.3091608524929713,0.43731634766718624,75.48660000000004
18,Ta16Mo24W24,61.75,29.862779069648848,22.0,141.25,70.71986607142857,6.875,2.0700000000000003,0.9861529624933008,0.5499999999999998,15.233500000000001,7.278547161051847,6.2425,0.6670975,0.2888729852239995,0.31317875,8.5,4.220807740342663,0.49000000000000077,761.7425000000001,378.37778139576466,132.01375,3.19375,1.601135980109252,0.1006250000000001,3281.0,1627.3733066169211,543.125,5.625,2.8125,0.6875,5.75,2.8295454545454546,0.625,418.7009,190.98343333333332,118.56633333333332,266.8892555555556,116.6603164974459,305.47245892588427,0.3092389430152629,0.43711132639868266,72.4171
19,Ta16Nb24Mo24,49.375,24.316137835093233,20.0625,145.0,72.5,0.0,1.7850000000000001,0.8632556791970928,0.4475000000000001,11.20975,5.495384036017276,5.155625000000001,0.70502725,0.29934220042395004,0.38271662500000003,8.376249999999999,4.165114875795561,0.5106250000000008,717.4925000000001,360.1207306667069,81.51374999999999,3.24625,1.625143435671728,0.10937500000000008,2928.875,1472.7937511075534,339.3125,5.25,2.6420454545454546,0.625,5.375,2.65625,0.6875,286.97003333333333,173.06313333333333,56.315200000000004,211.0321,56.56963782782154,155.7885917083308,0.3769629583142952,0.26806176798610987,116.74793333333332
20,Ta16Nb24V24,42.25,19.195381030701753,32.375,141.25,70.71986607142857,6.875,1.5862500000000002,0.788831286500074,0.08312499999999992,9.6685,4.502706367148948,6.74375,0.62140225,0.2620706884979056,0.3966541250000001,8.508624999999999,4.220678266887647,0.7533124999999994,663.6875,328.8210042430359,180.15625,3.1975,1.6012353793350929,0.19875,2655.125,1325.3611747718296,729.4375,4.875,2.4356060606060606,1.3125,5.0,2.5,0.0,234.49073333333334,151.2805666666667,42.81686666666667,179.01728888888888,42.32796680178439,117.70679062308531,0.3904139451617038,0.23644625088728832,108.46370000000002
21,Ta16Nb24W24,61.375,29.581817412319616,22.6875,141.25,70.71986607142857,6.875,1.86,0.88610450569543,0.5849999999999999,14.61475,6.787434270396374,7.376875,0.73062475,0.30861980055890015,0.37845037500000006,8.361249999999998,4.158671688227285,0.48312500000000014,789.5,393.26181278999377,81.125,3.25,1.6269426887236076,0.10249999999999992,3225.125,1595.9939560208427,645.5625,5.625,2.8125,0.6875,5.375,2.65625,0.6875,309.11726666666664,183.91623333333334,66.536,225.6499111111111,64.93284567115872,177.74890719491836,0.3687133634578198,0.28775923443278234,117.38023333333334
22,Ta16V24Mo24,42.625,19.370093453874023,32.4375,141.25,70.71986607142857,6.875,1.7962500000000001,0.8691128852774097,0.4456250000000001,10.28725,4.810035836010151,6.846874999999999,0.557875,0.2483957868279955,0.2801875,8.647375,4.284381399073343,0.7301874999999993,635.9300000000001,317.31108482990726,175.53,3.14125,1.5760519015447876,0.18937500000000002,2711.0,1349.3366425911754,738.75,4.875,2.4356060606060606,1.3125,5.375,2.65625,0.6875,302.3439333333334,170.96266666666665,65.44593333333334,214.75642222222226,65.54370378814072,178.4743125240956,0.3614909000335453,0.30520020360703554,105.5167333333333
23,Ta16V24W24,54.625,23.529235236298128,35.0625,137.5,69.00669642857143,6.25,1.8712499999999999,0.8922440425522911,0.5831249999999999,13.692250000000001,5.930883802789399,9.068125000000002,0.5834725000000001,0.2543438699364732,0.32711625,8.632375,4.277626421279288,0.7326874999999994,707.9375,344.8282263705688,230.65625,3.145,1.5777680192122783,0.19000000000000003,3007.25,1457.8447230326824,1045.0,5.25,2.5875,1.375,5.375,2.65625,0.6875,326.6636333333333,178.59126666666666,70.81320000000001,227.9487222222222,72.08525840324162,195.6337281295354,0.35696071889740155,0.3162345359978254,107.77806666666665
24,Ta24Mo16W24,65.625,30.484978811614603,20.0625,141.25,70.71986607142858,6.875,1.9875,0.972984889679325,0.5912499999999999,16.037750000000003,7.419674815857453,5.840375,0.6138475,0.2789098452527836,0.33980374999999996,8.4025,4.2081062420306585,0.5337500000000007,777.12,380.63595579980955,124.32499999999999,3.21375,1.603581890405952,0.10937500000000008,3328.375,1634.3996146191457,519.4375,5.75,2.8295454545454546,0.625,5.625,2.8125,0.6875,384.99606666666665,192.80133333333333,99.0935,256.86624444444436,97.8839750934569,260.5553334180441,0.3309396822578624,0.38106982606905937,93.70783333333333
25,Ta24Mo24W16,61.625,29.854514451957694,21.9375,142.5,70.88169642857143,6.25,1.9625,0.9709941056820428,0.5787499999999999,14.902750000000001,7.256773924906474,6.0771250000000006,0.605315,0.2785466561640433,0.33553750000000004,8.4075,4.208675389715147,0.5362500000000008,753.1175000000001,377.5170960117037,127.70124999999999,3.2125,1.6034180582274289,0.1100000000000001,3229.625,1622.0712794205772,517.4375,5.625,2.8125,0.6875,5.625,2.8125,0.6875,378.1231333333333,186.70986666666667,98.79613333333334,250.5142888888889,97.54851806121135,259.0247441727489,0.32767134407009496,0.3893930302094554,87.91373333333333
26,Ta24Nb16Mo24,53.375,24.68575543593137,21.9375,145.0,72.5,0.0,1.7725,0.8611367395389135,0.4537500000000001,12.22025,5.5998919119096735,5.454625,0.6306015,0.2876581743571004,0.39875375,8.325,4.158262794944204,0.5362500000000008,723.6175000000001,360.7837552280605,84.57624999999999,3.2475,1.6252922719810377,0.1100000000000001,2994.875,1480.740946556724,353.6875,5.375,2.65625,0.6875,5.375,2.65625,0.6875,295.6743,173.76806666666667,57.54726666666667,214.40347777777782,58.886247721129074,161.84202234311664,0.3741920109221514,0.27465155104509426,116.2208
27,Ta24Nb16V24,46.25,19.36758155153509,34.375,141.25,70.71986607142858,6.875,1.57375,0.7871887751992698,0.08937499999999993,10.679,4.559149889777416,7.249,0.5469765,0.25367529802110894,0.3848162500000001,8.457374999999999,4.213560993364816,0.7789374999999994,669.8125,329.3233902372501,183.21875,3.1987500000000004,1.6013778656370106,0.19937500000000002,2721.125,1331.1476873036772,762.4375,5.0,2.4467171717171716,1.375,5.0,2.5,0.0,230.90246666666667,157.21363333333335,39.6834,181.77657777777776,38.52234118722016,107.9419546342449,0.4010305618451715,0.21192136884826712,117.53023333333334
28,Ta24Nb16W24,65.375,30.229673076324353,20.6875,141.25,70.71986607142858,6.875,1.8475000000000001,0.8838271989492115,0.5912499999999999,15.625250000000001,6.975252073969049,6.871625000000001,0.656199,0.2960553544655827,0.4030200000000001,8.309999999999999,4.1518500345490805,0.5087500000000001,795.625,394.1192332756603,78.0625,3.25125,1.6270920085182299,0.10312499999999994,3291.125,1606.009731848508,612.5625,5.75,2.8295454545454546,0.625,5.375,2.65625,0.6875,312.45576666666665,186.02033333333335,64.1926,228.16547777777782,63.80085368004046,175.08331599829415,0.37210794134771424,0.2796253591973253,121.82773333333336
29,Ta24Nb24Mo16,53.25,24.6603502109123,22.0,145.0,72.5,0.0,1.7025000000000001,0.854195967460648,0.41875000000000007,12.014,5.557697512299061,5.5577499999999995,0.6517772500000001,0.2884859700775586,0.40934162500000004,8.27875,4.152891398081689,0.5131250000000007,732.87,362.0796568048523,79.94999999999999,3.26625,1.627697705101415,0.1006250000000001,2976.25,1478.052437828037,363.0,5.375,2.65625,0.6875,5.25,2.6420454545454546,0.625,261.65020000000004,170.88583333333335,47.558366666666664,201.14062222222225,46.675606625736634,129.9731940285492,0.3923032117260452,0.23205459996125963,123.32746666666668
30,Ta24Nb24V16,48.5,19.91538171600877,33.25,142.5,70.88169642857143,6.25,1.57,0.7867539869894378,0.08749999999999994,10.9865,4.633415834571522,7.095249999999999,0.59602725,0.25609761177663326,0.40934162500000004,8.367,4.203283029678371,0.7337499999999995,697.0,333.5523425255426,169.625,3.2337499999999997,1.6059602220647506,0.18187500000000004,2793.75,1343.040694378596,726.125,5.125,2.467171717171717,1.3125,5.0,2.5,0.0,235.92386666666667,154.93593333333334,42.988033333333334,181.93191111111113,41.97241641455616,116.92552143177936,0.3928852734724755,0.23070398237570525,111.9479
31,Ta24Nb24W16,61.25,29.573803491648377,22.625,142.5,70.88169642857143,6.25,1.7525,0.8748956428736641,0.54375,14.283999999999999,6.770156783407459,7.211500000000001,0.66884225,0.29651996109730067,0.4093416250000001,8.26875,4.147047785371053,0.48812500000000014,780.875,392.2962750643462,76.8125,3.26875,1.6293336094600845,0.09437499999999996,3173.75,1590.9928879212523,619.875,5.625,2.8125,0.6875,5.25,2.6420454545454546,0.625,285.9014666666667,173.10416666666666,57.02396666666667,210.70326666666665,56.77301169416896,156.28250462139914,0.3763802549640907,0.2694453322547869,116.08019999999999
32,Ta24V16Mo24,48.875,20.10755164785396,33.1875,142.5,70.88169642857143,6.25,1.78,0.8663800681140377,0.4537500000000001,11.605250000000002,4.966880124575313,6.992125,0.5325,0.2431842348975347,0.292875,8.505749999999999,4.266216534081061,0.7568749999999995,669.2425000000001,321.5849234571504,174.25125,3.1774999999999998,1.580564029852137,0.19125000000000003,2849.625,1367.9491835639772,716.8125,5.125,2.467171717171717,1.3125,5.375,2.65625,0.6875,302.7135333333334,171.32240000000002,64.48746666666666,215.11944444444444,64.96802096777887,177.0777058088319,0.3628066791249059,0.3020090589000993,106.83493333333335
33,Ta24V16W24,60.875,24.729354459245037,31.9375,138.75,69.15736607142857,6.875,1.855,0.8893058031714557,0.5912499999999999,15.010250000000001,6.19957173030148,8.409125,0.5580975,0.2488068174839566,0.33980374999999996,8.490749999999998,4.259543948497788,0.7543749999999995,741.25,350.23378435256245,214.0,3.18125,1.5822944869023388,0.19062500000000002,3145.875,1480.974531795942,975.6875,5.5,2.625,1.25,5.375,2.65625,0.6875,323.8940333333334,181.65210000000002,68.92443333333334,229.06607777777774,69.79480418880738,190.0791569684346,0.3616999085937445,0.30469288541499767,112.72766666666668
34,Ta24V24Mo16,46.5,19.534346258361204,34.375,141.25,70.71986607142858,6.875,1.71375,0.8598740842456041,0.4206250000000001,11.0915,4.850419780170595,7.249,0.5046250000000001,0.24158971686246866,0.27893749999999995,8.549875,4.271123100904992,0.7789374999999994,651.3075,318.65187274564977,183.21875,3.1612500000000003,1.5783871065447748,0.19937500000000002,2758.375,1353.3676677603714,762.4375,5.0,2.4467171717171716,1.375,5.25,2.6420454545454546,0.625,277.9039,167.6957,54.6201,204.43176666666668,54.813188062938785,150.94855648885098,0.3769364802821324,0.2681246117307867,113.07559999999998
35,Ta24V24W16,54.5,23.525684710095376,35.0,138.75,69.15736607142857,6.875,1.76375,0.8808090353057403,0.5456249999999999,13.3615,5.920210494945783,8.902750000000001,0.52169,0.24684911036015028,0.3216,8.539875,4.265019663006207,0.7789374999999994,699.3125,344.18187385295596,226.34375,3.1637500000000003,1.5799537314164531,0.19937500000000002,2955.875,1454.0646807937676,1019.3125,5.25,2.5875,1.375,5.25,2.6420454545454546,0.625,294.20820000000003,173.47506666666663,60.241499999999995,213.71944444444443,60.2914955474988,165.3278390319873,0.37107097386346016,0.28210580326101936,113.23356666666663
36,Ta48Mo8W8,69.25,31.090649318198047,18.0,143.75,71.04352678571429,5.625,1.69,0.9294991032428332,0.69,16.180500000000002,7.517255998372315,5.1075,0.43703249999999993,0.24829404716165526,0.41114625,8.12,4.171140042463619,0.6700000000000007,775.2475,381.17275943573253,108.01124999999999,3.2712499999999998,1.6105919569390066,0.13687500000000005,3273.0,1630.821868228682,444.375,5.875,2.846590909090909,0.5625,5.25,2.7613636363636362,0.875,305.84233333333333,171.78476666666666,69.1668,216.47062222222218,68.30351287383127,185.409619438631,0.3572480509246691,0.31553248275746604,102.61796666666666
37,Ta48Nb8Mo8,65.125,25.743797788407633,27.6875,145.0,72.5,0.0,1.595,0.8408983764078446,0.40250000000000014,14.83925,5.829026740365642,6.557874999999999,0.44967575000000004,0.25426168759746787,0.46804087499999997,8.07875,4.126963758665105,0.5668750000000007,760.4975,365.3646320657048,84.51124999999999,3.28875,1.6305496471497214,0.09312500000000015,3155.625,1499.2055154468628,415.4375,5.75,2.6988636363636362,0.875,5.125,2.627840909090909,0.5625,279.42233333333337,160.87873333333332,60.74053333333334,200.39326666666668,60.14871550336602,164.0343274584828,0.36357298809899896,0.3001533759286291,100.13819999999998
38,Ta48Nb8V8,62.75,20.979783442982455,38.125,143.75,71.04352678571429,5.625,1.52875,0.7813916648771934,0.10437499999999997,14.3255,4.877012347251033,8.45725,0.42180075,0.23333375410176752,0.398353375,8.122875,4.171653245423433,0.7654374999999995,742.5625,339.28845279647777,165.21875,3.2725,1.6109700373982438,0.1662500000000001,3064.375,1372.2932390490578,788.8125,5.625,2.520959595959596,1.4375,5.0,2.5,0.0,255.25006666666664,156.42986666666664,56.25880000000001,189.3699333333333,53.41138887183368,146.4641945905898,0.3710951698152454,0.28204788337659564,100.17106666666663
39,Ta48Nb8W8,69.125,30.8615008989866,18.5625,143.75,71.04352678571429,5.625,1.6199999999999999,0.8591321665594607,0.515,15.97425,7.128514903563894,6.035625,0.45820825,0.25929122944906613,0.489372125,8.07375,4.12178057515841,0.5443750000000002,784.5,393.04557831003166,66.375,3.29,1.6320231697858063,0.08750000000000002,3254.375,1606.0233714769918,528.1875,5.875,2.846590909090909,0.5625,5.125,2.627840909090909,0.5625,296.1311333333333,161.25233333333333,69.76280000000001,206.21193333333332,68.82396516811478,185.80128281632676,0.34982983298386,0.3337535517736677,91.48953333333331
40,Ta48V8Mo8,62.875,21.17351545080825,37.8125,143.75,71.04352678571429,5.625,1.59875,0.8451696488870543,0.41187500000000005,14.53175,5.2044923014613635,7.941625,0.400625,0.22436054303602015,0.30306249999999996,8.169125000000001,4.22153507275208,0.8810624999999999,733.31,328.5403379158787,188.35,3.2537499999999997,1.589746568159461,0.21312500000000006,3083.0,1394.6237748751705,742.25,5.625,2.520959595959596,1.4375,5.125,2.627840909090909,0.5625,280.14300000000003,160.0181666666667,61.095400000000005,200.0597777777777,60.68008934121873,165.32533690764075,0.3622700518614652,0.3033097907797385,98.92276666666669
41,Ta48V8W8,66.875,25.92237262978645,28.6875,142.5,69.609375,8.75,1.6237499999999998,0.8634975492975184,0.5243749999999999,15.66675,6.44691304212633,7.4193750000000005,0.40915749999999995,0.22828024587879428,0.34145875,8.164125,4.216247959170126,0.8685624999999996,757.3125,354.3466372993305,188.71875,3.255,1.5911923790007494,0.21,3181.75,1496.544256081372,855.0,5.75,2.6624999999999996,1.125,5.125,2.627840909090909,0.5625,290.83416666666665,162.2793333333333,66.41613333333333,205.13094444444442,65.55221938875424,177.7252034933181,0.35560020050066826,0.3195628020252582,95.86319999999998
42,Ta8Mo48W8,49.875,27.979650608369283,27.6875,143.75,71.04352678571428,5.625,2.1025,0.9953394673127126,0.4837499999999999,12.15925,6.811617724344284,7.118125,0.7032824999999999,0.29810974701773485,0.27802125,8.6075,4.234647534023645,0.45125000000000093,698.36,369.881887415508,146.45499999999998,3.1712499999999997,1.5983624054555046,0.09312500000000015,3036.125,1595.6903282175595,562.8125,5.25,2.7613636363636362,0.875,5.875,2.846590909090909,0.5625,417.5716333333333,185.8246333333333,117.13940000000001,263.0736333333333,116.63138764935101,304.8441671469316,0.3068701885955304,0.4433412279731227,68.6852333333333
43,Ta8Mo8W48,69.875,31.131972406653816,18.3125,137.5,70.234375,8.75,2.2275,1.0052933872991223,0.5462499999999999,17.83425,7.626122179099175,5.934375,0.7459450000000001,0.2999256924614363,0.2993525,8.5825,4.231801795601205,0.43875000000000064,818.3725,385.4761863560374,129.57375,3.1775,1.5991815663481215,0.09000000000000008,3529.875,1657.3320042104024,572.8125,5.875,2.846590909090909,0.5625,5.875,2.846590909090909,0.5625,471.5966,203.4949,129.81076666666667,292.86213333333336,131.4904998995944,343.1197118332338,0.30473194677653004,0.44898429989217126,73.68413333333334
44,Ta8Nb48Mo8,45.125,23.89570978421696,18.3125,145.0,72.5,0.0,1.6575000000000002,0.851493074698741,0.3712500000000001,9.78675,5.306487360903653,5.062874999999999,0.8218045,0.31268181793171623,0.3878552500000001,8.335,4.1612241629218865,0.43875000000000064,729.8725,362.04950925893695,69.19874999999999,3.2824999999999993,1.629805465603174,0.09000000000000008,2825.625,1459.4695382010082,343.5625,5.125,2.627840909090909,0.5625,5.125,2.627840909090909,0.5625,244.91003333333333,158.2014333333333,42.636833333333335,187.1043,42.92238571015575,119.62006871000486,0.3934461788513992,0.22940352365047598,115.56459999999998
45,Ta8Nb48V8,42.75,20.118780838815788,28.125,143.75,71.04352678571428,5.625,1.59125,0.7896042213812141,0.07312499999999994,9.273,4.594794734108693,5.930999999999999,0.7939295000000001,0.27531070648575084,0.45754275,8.379125,4.207239613037584,0.6373124999999995,711.9375,336.77652282540646,149.90625,3.2662499999999994,1.6102576058886553,0.16312500000000002,2734.375,1343.3606763898197,623.8125,5.0,2.4654040404040405,1.125,5.0,2.5,0.0,222.05996666666667,153.6179666666667,35.51316666666666,176.43196666666668,34.99053213390575,98.46246946213834,0.4069873113865625,0.19832308620134267,118.10480000000003
46,Ta8Nb48W8,49.125,27.622222578962933,28.5625,143.75,71.04352678571428,5.625,1.6825,0.8705187002905539,0.4837499999999999,10.92175,6.189425885700519,8.561875,0.830337,0.32211345991565354,0.36652400000000007,8.33,4.155888843549436,0.4162500000000001,753.875,388.7584758816991,81.6875,3.2837499999999995,1.6312765708126937,0.08437499999999995,2924.375,1555.9444923386666,693.1875,5.25,2.7613636363636362,0.875,5.125,2.627840909090909,0.5625,252.73080000000002,160.85223333333337,43.31223333333333,191.47842222222226,44.34460389348169,123.49999850376724,0.3925031194372753,0.2315906062878307,117.54000000000005
47,Ta8Nb8Mo48,45.75,24.022735909312306,18.0,145.0,72.5,0.0,2.0075000000000003,0.8861969350900682,0.5462500000000001,10.818000000000001,5.517459358956712,4.54725,0.7159257499999999,0.308542839329425,0.3349158750000001,8.56625,4.188081147234463,0.554375000000001,683.61,355.570001374978,92.32999999999998,3.1887499999999998,1.6177783000012853,0.13687500000000005,2918.75,1472.9120818444435,297.0,5.125,2.627840909090909,0.5625,5.75,2.6988636363636362,0.875,385.0257,175.91933333333336,105.08813333333332,245.6214555555556,104.87382555333807,275.42216485077665,0.3131120343783915,0.42697339007347956,70.83120000000004
48,Ta8Nb8V48,31.5,17.37978001644737,33.75,137.5,70.234375,8.75,1.6099999999999999,0.7917781624303741,0.08249999999999988,7.7355,4.223465010138158,6.69975,0.54867575,0.2631991377081294,0.33491587500000003,8.831,4.258629431469816,0.8632499999999992,576.0,315.6317613839444,217.875,3.09125,1.587345823749955,0.250625,2371.25,1283.895641015226,805.375,4.375,2.363131313131313,1.4375,5.0,2.5,0.0,224.93146666666667,156.0547,37.10063333333333,179.01362222222224,36.01177754875097,101.24617565354971,0.4057369914118736,0.20116780556536087,118.95406666666668
49,Ta8Nb8W48,69.75,30.901570502342814,18.875,137.5,70.234375,8.75,2.1575,0.9151764806682908,0.72125,17.628,7.21490233850847,6.862500000000001,0.76712075,0.3197904267570638,0.33491587500000003,8.536249999999999,4.179900089439572,0.5193750000000001,827.625,397.87326693826947,87.9375,3.19625,1.6200685661034222,0.12812499999999985,3511.25,1631.0287119749446,656.625,5.875,2.846590909090909,0.5625,5.75,2.6988636363636362,0.875,445.8766,198.77263333333335,127.05686666666668,281.14062222222225,125.6431161470985,328.05896436452275,0.3055190543843365,0.44690488039037735,71.71576666666667
50,Ta8V48Mo8,31.625,17.486224480908582,34.0625,137.5,70.234375,8.75,1.68,0.8588337347039148,0.3712500000000001,7.941750000000001,4.420270858635551,7.215375,0.5275000000000001,0.2504183026883243,0.239625,8.87725,4.312359397713486,0.7476249999999989,566.7475,307.17114477966277,194.74375,3.0725,1.567185926622713,0.20375,2389.875,1301.5610700111624,851.9375,4.375,2.363131313131313,1.4375,5.125,2.627840909090909,0.5625,250.00726666666665,163.55873333333332,46.23996666666667,192.37491111111112,45.009123980391664,125.258632219006,0.39148045042573176,0.23396566485946538,117.31876666666665
51,Ta8V48W8,35.625,19.921776515051896,44.3125,136.25,68.85602678571428,5.625,1.7049999999999998,0.8781887462016958,0.4837499999999999,9.07675,5.103473404565922,10.714375,0.5360325,0.2559655081413771,0.27802125,8.87225,4.306660323077626,0.7601249999999992,590.75,327.3188473893621,272.0,3.07375,1.568560040550446,0.20687500000000006,2488.625,1380.8952122650744,1201.5625,4.5,2.475,1.75,5.125,2.627840909090909,0.5625,259.1231666666667,167.54176666666663,49.79963333333333,198.0689,48.15536762429949,133.63604511618306,0.3875508765584576,0.24312432504193987,117.7421333333333
52,Ta8V8Mo48,43.5,20.35225142837235,28.125,143.75,71.04352678571428,5.625,2.01125,0.8913636540460821,0.5368750000000002,10.5105,5.0025725806591455,5.931000000000001,0.6668749999999999,0.25839089286365446,0.3093125,8.656625,4.28782656359383,0.6373124999999995,656.4225,321.836398337166,149.90625,3.1537499999999996,1.5780705431595248,0.16312500000000002,2846.125,1374.468649029191,623.8125,5.0,2.4654040404040405,1.125,5.75,2.6988636363636362,0.875,381.7229,176.96759999999998,104.84033333333333,245.21936666666667,103.84821899836456,273.00610518764756,0.3144476998298207,0.4234910986436412,72.12726666666664
53,Ta8V8W48,67.5,25.940125260800198,29.0,136.25,68.85602678571428,5.625,2.16125,0.9206725855302728,0.7118749999999999,17.320500000000003,6.500279581344409,8.246250000000002,0.71807,0.26575404376040873,0.36904,8.626624999999999,4.27928175053553,0.6373124999999995,800.4375,357.5783998873946,210.28125,3.16125,1.580263817979875,0.16312500000000002,3438.625,1515.444467275946,983.4375,5.75,2.6625,1.125,5.75,2.6988636363636362,0.875,454.08496666666673,198.18806666666669,128.35896666666667,283.4870333333334,128.1946021477428,334.2069804039404,0.3035142463282917,0.4522062284133023,69.82910000000001
54,V16Mo24W24,49.25,20.17489198501463,33.875,138.75,69.15736607142857,6.875,2.1025,1.0145082452143388,0.46874999999999994,12.5975,5.150886080665625,8.811250000000001,0.7178475,0.3426160071388864,0.18630374999999996,8.783249999999999,4.402044429211569,0.24812499999999937,695.1175000000001,329.9807983495803,221.68875,3.12125,1.5559430001222008,0.08812500000000009,3003.75,1418.6615579366155,999.375,5.125,2.467171717171717,1.3125,5.75,2.8295454545454546,0.625,410.9789666666666,190.67296666666667,111.9227,264.1083,111.21142998026714,292.56903861263635,0.3153730631129753,0.4210826769937452,78.75026666666666
55,V24Mo16W24,46.875,19.59697250403347,35.0625,137.5,69.00669642857143,6.25,2.03625,1.0042784117811983,0.501875,12.083750000000002,5.02332580795915,9.068125,0.6899725000000001,0.3381899196201871,0.20024124999999995,8.827375,4.407425403681064,0.27018749999999925,677.1825,326.8334147716315,230.65625,3.105,1.5538624427288406,0.09625000000000009,2912.5,1402.5580571755804,1045.0,5.0,2.4467171717171716,1.375,5.625,2.8125,0.6875,377.1303666666667,191.64863333333332,94.10969999999999,253.47587777777775,93.55975645743023,249.9290681409177,0.33566544850207897,0.3691071405992094,97.53893333333333
56,V24Mo24W16,42.875,19.429169173343542,33.0625,138.75,69.15736607142858,6.875,2.01125,1.002082205566453,0.489375,10.94875,4.97226855595509,8.500625000000001,0.68144,0.33750123000939103,0.19597499999999998,8.832375,4.408076943576333,0.2676874999999992,653.1800000000001,324.84627433827615,218.655,3.10375,1.5537129499330282,0.09562500000000007,2813.75,1394.74698976747,995.625,4.875,2.4356060606060606,1.3125,5.625,2.8125,0.6875,371.4014333333333,184.72313333333332,93.91083333333334,246.94923333333332,93.68174085356014,249.4959393129479,0.3316145549800937,0.3793562733078343,90.81229999999998
57,V48Mo8W8,31.75,17.52760739971014,34.625,136.25,68.85602678571429,5.625,1.7874999999999999,0.9691964990522866,0.5762499999999999,8.2725,4.538530485831604,8.703750000000001,0.5892825,0.323534277842497,0.23352124999999999,8.96975,4.4248714068800865,0.33137499999999875,575.3725,313.41698317107443,233.55625,3.05375,1.547321784957135,0.11937500000000004,2441.25,1338.6254200762542,1083.125,4.375,2.363131313131313,1.4375,5.25,2.7613636363636362,0.875,288.97833333333335,170.32756666666668,59.9058,209.87782222222225,59.67295456093867,163.52127917015378,0.37014565788898623,0.2843223449200646,110.42176666666668
58,V8Mo48W8,43.625,20.417204804615935,28.6875,142.5,69.609375,8.75,2.11875,1.0203456662179886,0.410625,10.84125,5.176331849363981,7.4193750000000005,0.7286575,0.34566471543599375,0.16383374999999997,8.749125000000001,4.397966534532612,0.22106249999999938,665.0475,329.1539010608184,188.71875,3.135,1.5577245719239365,0.07875000000000007,2897.5,1419.1429238814292,855.0,5.0,2.4654040404040405,1.125,5.875,2.846590909090909,0.5625,416.2779666666667,183.64333333333335,116.7444,261.1882111111111,116.57337876754706,304.4292393915161,0.3057408244062427,0.4463194501453054,66.89893333333335
59,V8Mo8W48,63.625,21.256221458065575,38.6875,136.25,68.85602678571428,5.625,2.24375,1.031326697291715,0.4731249999999999,16.516250000000003,5.431618109384278,10.256875,0.77132,0.34910816348997387,0.185165,8.724124999999999,4.394708835056267,0.23356249999999967,785.06,339.0896032275952,248.725,3.1412500000000003,1.558472035902998,0.08187500000000014,3391.25,1458.1982609219826,1101.875,5.625,2.520959595959596,1.4375,5.875,2.846590909090909,0.5625,471.38146666666665,202.6154,132.27186666666668,292.2040888888889,133.1123281760467,346.6922574324085,0.3022545025803073,0.45554574093130806,70.34353333333331
60,Mo6Nb54,41.1,20.746987951807228,1.0,145.0,72.5,0.0,1.6560000000000001,0.9191489361702128,0.56,8.735000000000001,4.661277275146356,1.6500000000000006,0.9004654000000001,0.4120434824901556,0.16940600000000006,8.377,4.260492668621701,0.370000000000001,725.598,347.01097716921225,74.01999999999998,3.2849999999999997,1.611627906976744,0.1499999999999999,2755.9,1406.7643402592792,149.0,5.0,2.5,0.0,5.1,2.727272727272727,1.0,258.7401333333333,147.44376666666668,15.112333333333334,184.54255555555557,26.326434970565753,75.39411855141721,0.4319090039291595,0.1426577999384013,132.33143333333334
61,Mo12Nb48,41.2,20.746987951807228,1.0,145.0,72.5,0.0,1.7120000000000002,0.9191489361702128,0.56,8.9,4.661277275146356,1.6500000000000006,0.8835248,0.4120434824901556,0.16940600000000006,8.414,4.260492668621701,0.370000000000001,718.196,347.01097716921225,74.01999999999998,3.27,1.611627906976744,0.1499999999999999,2770.8,1406.7643402592792,149.0,5.0,2.5,0.0,5.2,2.727272727272727,1.0,280.86913333333337,144.4144,15.0672,189.89931111111113,29.11030054198349,83.0854209376152,0.4270794081597962,0.15329334462383012,129.3472
62,Mo15Nb45,41.25,20.746987951807228,1.0,145.0,72.5,0.0,1.74,0.9191489361702128,0.56,8.9825,4.661277275146356,1.6500000000000006,0.8750545,0.4120434824901556,0.16940600000000006,8.432500000000001,4.260492668621701,0.370000000000001,714.495,347.01097716921225,74.01999999999998,3.2625,1.611627906976744,0.1499999999999999,2778.25,1406.7643402592792,149.0,5.0,2.5,0.0,5.25,2.727272727272727,1.0,300.7642333333334,142.4446,26.0728,195.21781111111113,41.469234595120476,116.18109594999615,0.4008107104497499,0.21242546650375893,116.37180000000001
63,Mo18Nb42,41.3,20.746987951807228,1.0,145.0,72.5,0.0,1.7680000000000002,0.9191489361702128,0.56,9.065,4.661277275146356,1.6500000000000006,0.8665842,0.4120434824901556,0.16940600000000006,8.451,4.260492668621701,0.370000000000001,710.794,347.01097716921225,74.01999999999998,3.255,1.611627906976744,0.1499999999999999,2785.7,1406.7643402592792,149.0,5.0,2.5,0.0,5.3,2.727272727272727,1.0,319.9497666666666,142.50050000000002,32.8851,201.65025555555556,49.58492796793396,137.48573424735295,0.38636617901576376,0.24589568622824326,109.61540000000002
64,Mo24Nb36,41.4,20.746987951807228,1.0,145.0,72.5,0.0,1.824,0.9191489361702128,0.56,9.229999999999999,4.661277275146356,1.6500000000000006,0.8496436,0.4120434824901556,0.16940600000000006,8.488000000000001,4.260492668621701,0.370000000000001,703.392,347.01097716921225,74.01999999999998,3.2399999999999998,1.611627906976744,0.1499999999999999,2800.6,1406.7643402592792,149.0,5.0,2.5,0.0,5.4,2.727272727272727,1.0,344.6522333333333,143.55200000000002,50.4094,210.5854111111111,66.71768540816481,181.0345919835831,0.3567211667794785,0.3168200734141198,93.14260000000002
65,Mo30Nb30,41.5,20.746987951807228,1.0,145.0,72.5,0.0,1.8800000000000001,0.9191489361702128,0.56,9.395000000000001,4.661277275146356,1.6500000000000006,0.8327030000000001,0.4120434824901556,0.16940600000000006,8.525,4.260492668621701,0.370000000000001,695.99,347.01097716921225,74.01999999999998,3.225,1.611627906976744,0.1499999999999999,2815.5,1406.7643402592792,149.0,5.0,2.5,0.0,5.5,2.727272727272727,1.0,373.9319333333333,145.1082333333333,62.52836666666667,221.3828,79.83276550838994,213.79897477810988,0.3390427690723113,0.36060961153436466,82.57986666666662
66,Nb24Mo36,41.6,20.746987951807228,1.0,145.0,72.5,0.0,1.9360000000000002,0.9191489361702128,0.56,9.56,4.661277275146356,1.6500000000000006,0.8157624000000001,0.4120434824901556,0.16940600000000006,8.562000000000001,4.260492668621701,0.370000000000001,688.588,347.01097716921225,74.01999999999998,3.2099999999999995,1.611627906976744,0.1499999999999999,2830.4,1406.7643402592792,149.0,5.0,2.5,0.0,5.6,2.727272727272727,1.0,403.7782333333333,143.82166666666663,68.59230000000001,230.4738555555555,88.85745041148675,236.2153392394588,0.3291813919124265,0.38554243038672015,75.22936666666662
67,Nb18Mo42,41.7,20.746987951807228,1.0,145.0,72.5,0.0,1.992,0.9191489361702128,0.56,9.725,4.661277275146356,1.6500000000000006,0.7988218000000001,0.4120434824901556,0.16940600000000006,8.599,4.260492668621701,0.370000000000001,681.186,347.01097716921225,74.01999999999998,3.195,1.611627906976744,0.1499999999999999,2845.3,1406.7643402592792,149.0,5.0,2.5,0.0,5.7,2.727272727272727,1.0,423.89373333333333,148.41043333333332,74.57800000000002,240.2382,95.5869360035995,253.18181079628417,0.3243536270832559,0.39788400014485414,73.8324333333333
68,Nb15Mo45,41.75,20.746987951807228,1.0,145.0,72.5,0.0,2.02,0.9191489361702128,0.56,9.807500000000001,4.661277275146356,1.6500000000000006,0.7903515,0.4120434824901556,0.16940600000000006,8.617500000000001,4.260492668621701,0.370000000000001,677.4850000000001,347.01097716921225,74.01999999999998,3.1875,1.611627906976744,0.1499999999999999,2852.75,1406.7643402592792,149.0,5.0,2.5,0.0,5.75,2.727272727272727,1.0,424.14973333333336,151.37206666666668,75.47359999999999,242.2979555555556,95.86478718261309,254.08493307119443,0.3252255626833411,0.39564835354391836,75.89846666666669
69,Nb12Mo48,41.8,20.746987951807228,1.0,145.0,72.5,0.0,2.048,0.9191489361702128,0.56,9.890000000000002,4.661277275146356,1.6500000000000006,0.7818811999999998,0.4120434824901556,0.16940600000000006,8.636000000000001,4.260492668621701,0.370000000000001,673.784,347.01097716921225,74.01999999999998,3.1799999999999997,1.611627906976744,0.1499999999999999,2860.2,1406.7643402592792,149.0,5.0,2.5,0.0,5.8,2.727272727272727,1.0,429.86449999999996,153.9085666666667,76.01236666666667,245.89387777777782,96.72791807862086,256.54455348609144,0.3261143141609385,0.39337261648310323,77.89620000000004
70,Nb6Mo54,41.9,20.746987951807228,1.0,145.0,72.5,0.0,2.104,0.9191489361702128,0.56,10.055,4.661277275146356,1.6500000000000006,0.7649406,0.4120434824901556,0.16940600000000006,8.673,4.260492668621701,0.370000000000001,666.382,347.01097716921225,74.01999999999998,3.1649999999999996,1.611627906976744,0.1499999999999999,2875.1,1406.7643402592792,149.0,5.0,2.5,0.0,5.9,2.727272727272727,1.0,455.2735,158.1912,79.783,257.21863333333334,102.59911630499094,271.67546752941803,0.32396592345797004,0.39887901967052003,78.40820000000001
71,Mo6Ta54,69.9,26.660869565217393,31.0,145.0,72.5,0.0,1.566,0.8852459016393442,0.6600000000000001,16.0106,6.333403289424722,6.433999999999999,0.36460000000000004,0.22509906542056074,0.426,8.008,4.150859375,0.7800000000000011,769.698,357.6193701508695,123.01999999999998,3.294,1.6140092879256964,0.16000000000000014,3231.1,1533.9194674460139,379.0,5.9,2.727272727272727,1.0,5.1,2.727272727272727,1.0,291.3401333333333,166.75176666666664,59.434599999999996,208.28122222222225,60.562386556481954,165.63330670957444,0.36746020201087015,0.2907721872875602,107.31716666666665
72,Mo12Ta48,66.8,26.660869565217393,31.0,145.0,72.5,0.0,1.6320000000000001,0.8852459016393442,0.6600000000000001,15.3672,6.333403289424722,6.433999999999999,0.40719999999999995,0.22509906542056074,0.426,8.086,4.150859375,0.7800000000000011,757.3960000000001,357.6193701508695,123.01999999999998,3.278,1.6140092879256964,0.16000000000000014,3193.2,1533.9194674460139,379.0,5.8,2.727272727272727,1.0,5.2,2.727272727272727,1.0,301.0334666666667,168.184,54.156299999999995,212.46715555555562,58.770069466481225,161.4262858925871,0.3733715763655388,0.27660778586134976,114.02770000000001
73,Mo15Ta45,65.25,26.660869565217393,31.0,145.0,72.5,0.0,1.665,0.8852459016393442,0.6600000000000001,15.0455,6.333403289424722,6.433999999999999,0.4285,0.22509906542056074,0.426,8.125,4.150859375,0.7800000000000011,751.245,357.6193701508695,123.01999999999998,3.27,1.6140092879256964,0.16000000000000014,3174.25,1533.9194674460139,379.0,5.75,2.727272727272727,1.0,5.25,2.727272727272727,1.0,311.32693333333333,166.44573333333332,52.3835,214.73946666666663,59.656943075158146,163.8021595508529,0.37286752477820173,0.27781080022780236,114.06223333333332
74,Mo18Ta42,63.7,26.660869565217393,31.0,145.0,72.5,0.0,1.698,0.8852459016393442,0.6600000000000001,14.7238,6.333403289424722,6.433999999999999,0.4498,0.22509906542056074,0.426,8.164,4.150859375,0.7800000000000011,745.0939999999999,357.6193701508695,123.01999999999998,3.262,1.6140092879256964,0.16000000000000014,3155.3,1533.9194674460139,379.0,5.7,2.727272727272727,1.0,5.3,2.727272727272727,1.0,318.6861333333333,166.5557,46.09493333333334,217.26584444444447,56.40091466689566,155.72743979360368,0.38054002061253295,0.2595940232166476,120.46076666666667
75,Mo24Ta36,60.6,26.660869565217393,31.0,145.0,72.5,0.0,1.764,0.8852459016393442,0.6600000000000001,14.080400000000001,6.333403289424722,6.433999999999999,0.49239999999999995,0.22509906542056074,0.426,8.242,4.150859375,0.7800000000000011,732.792,357.6193701508695,123.01999999999998,3.246,1.6140092879256964,0.16000000000000014,3117.4,1533.9194674460139,379.0,5.6,2.727272727272727,1.0,5.4,2.727272727272727,1.0,348.79136666666676,163.681,50.43943333333334,225.38445555555558,64.47432787605874,176.58481114678088,0.3694195578605804,0.28606377364017593,113.24156666666667
76,Mo30Ta30,57.5,26.660869565217393,31.0,145.0,72.5,0.0,1.8300000000000003,0.8852459016393442,0.6600000000000001,13.437000000000001,6.333403289424722,6.433999999999999,0.535,0.22509906542056074,0.426,8.32,4.150859375,0.7800000000000011,720.49,357.6193701508695,123.01999999999998,3.23,1.6140092879256964,0.16000000000000014,3079.5,1533.9194674460139,379.0,5.5,2.727272727272727,1.0,5.5,2.727272727272727,1.0,385.38286666666664,159.4275,62.114466666666665,234.74595555555558,79.10835546031096,213.35814705383427,0.3485184075206638,0.336995605624349,97.31303333333335
77,Ta24Mo36,54.4,26.660869565217393,31.0,145.0,72.5,0.0,1.8960000000000001,0.8852459016393442,0.6600000000000001,12.7936,6.333403289424722,6.433999999999999,0.5776,0.22509906542056074,0.426,8.398000000000001,4.150859375,0.7800000000000011,708.188,357.6193701508695,123.01999999999998,3.2139999999999995,1.6140092879256964,0.16000000000000014,3041.6,1533.9194674460139,379.0,5.4,2.727272727272727,1.0,5.6,2.727272727272727,1.0,413.0206,158.23533333333333,75.35336666666667,243.16375555555558,93.11991210126928,247.73610321848227,0.3301994043393513,0.38295144721925545,82.88196666666666
78,Ta18Mo42,51.3,26.660869565217393,31.0,145.0,72.5,0.0,1.962,0.8852459016393442,0.6600000000000001,12.1502,6.333403289424722,6.433999999999999,0.6202000000000001,0.22509906542056074,0.426,8.476,4.150859375,0.7800000000000011,695.8860000000001,357.6193701508695,123.01999999999998,3.198,1.6140092879256964,0.16000000000000014,3003.7,1533.9194674460139,379.0,5.3,2.727272727272727,1.0,5.7,2.727272727272727,1.0,435.5697666666667,159.26056666666668,75.4728,251.36363333333333,96.37614320728308,256.3639819444326,0.3300178519960706,0.3834132325716293,83.78776666666667
79,Ta15Mo45,49.75,26.660869565217393,31.0,145.0,72.5,0.0,1.995,0.8852459016393442,0.6600000000000001,11.8285,6.333403289424722,6.433999999999999,0.6415,0.22509906542056074,0.426,8.515,4.150859375,0.7800000000000011,689.7350000000001,357.6193701508695,123.01999999999998,3.19,1.6140092879256964,0.16000000000000014,2984.75,1533.9194674460139,379.0,5.25,2.727272727272727,1.0,5.75,2.727272727272727,1.0,439.40290000000005,160.43230000000003,76.31323333333334,253.4225,97.38927425853399,258.99136679015135,0.3296708942640904,0.3842960836489814,84.11906666666668
80,Ta12Mo48,48.2,26.660869565217393,31.0,145.0,72.5,0.0,2.028,0.8852459016393442,0.6600000000000001,11.506800000000002,6.333403289424722,6.433999999999999,0.6628,0.22509906542056074,0.426,8.554,4.150859375,0.7800000000000011,683.5840000000001,357.6193701508695,123.01999999999998,3.182,1.6140092879256964,0.16000000000000014,2965.8,1533.9194674460139,379.0,5.2,2.727272727272727,1.0,5.8,2.727272727272727,1.0,443.3844000000001,160.38473333333334,78.08313333333334,254.71795555555562,99.2942270359252,263.6269675521979,0.32750400210485675,0.38982028895198356,82.30160000000001
81,Ta6Mo54,45.1,26.660869565217393,31.0,145.0,72.5,0.0,2.0940000000000003,0.8852459016393442,0.6600000000000001,10.8634,6.333403289424722,6.433999999999999,0.7054000000000001,0.22509906542056074,0.426,8.632000000000001,4.150859375,0.7800000000000011,671.2819999999999,357.6193701508695,123.01999999999998,3.1659999999999995,1.6140092879256964,0.16000000000000014,2927.9,1533.9194674460139,379.0,5.1,2.727272727272727,1.0,5.9,2.727272727272727,1.0,465.762,161.80169999999998,82.07633333333332,263.1218,105.30965697381443,278.7418700891451,0.3234392652064905,0.40023159226569,79.72536666666666
82,Mo6V54,24.9,14.861538461538462,19.0,136.0,69.91071428571428,10.0,1.6829999999999998,0.9289709762532982,0.5300000000000002,6.521,3.8238946723821186,4.11,0.5473,0.30848389630793405,0.22299999999999998,9.0277,4.441497214876497,0.352999999999998,529.8480000000001,289.23795211497855,143.48000000000002,3.0330000000000004,1.5418152350081038,0.1299999999999999,2233.0,1236.118811881188,730.0,4.1,2.2222222222222223,1.0,5.1,2.727272727272727,1.0,289.23230000000007,144.01666666666665,10.6895,192.42187777777775,25.840174482292447,74.1991429762082,0.43573223600047306,0.13428917117280442,133.32716666666664
83,Mo12V48,26.8,14.861538461538462,19.0,137.0,69.91071428571428,10.0,1.736,0.9289709762532982,0.5300000000000002,6.932000000000001,3.8238946723821186,4.11,0.5696,0.30848389630793405,0.22299999999999998,8.9924,4.441497214876497,0.352999999999998,544.196,289.23795211497855,143.48000000000002,3.046,1.5418152350081038,0.1299999999999999,2306.0,1236.118811881188,730.0,4.2,2.2222222222222223,1.0,5.2,2.727272727272727,1.0,304.35653333333335,145.3615,27.6104,198.35984444444443,42.865449924066546,119.95557268914855,0.3992104702230152,0.21609943304866863,117.75110000000001
84,Mo15V45,27.75,14.861538461538462,19.0,137.5,69.91071428571428,10.0,1.7625,0.9289709762532982,0.5300000000000002,7.1375,3.8238946723821186,4.11,0.58075,0.30848389630793405,0.22299999999999998,8.974749999999998,4.441497214876497,0.352999999999998,551.37,289.23795211497855,143.48000000000002,3.0525,1.5418152350081038,0.1299999999999999,2342.5,1236.118811881188,730.0,4.25,2.2222222222222223,1.0,5.25,2.727272727272727,1.0,315.09560000000005,146.0779666666667,29.5398,202.41717777777785,45.727916618472904,127.57682106882208,0.39495553813711626,0.22590926877102765,116.5381666666667
85,Mo18V42,28.7,14.861538461538462,19.0,138.0,69.91071428571428,10.0,1.7890000000000001,0.9289709762532982,0.5300000000000002,7.343000000000001,3.8238946723821186,4.11,0.5919000000000001,0.30848389630793405,0.22299999999999998,8.957099999999999,4.441497214876497,0.352999999999998,558.544,289.23795211497855,143.48000000000002,3.0589999999999997,1.5418152350081038,0.1299999999999999,2379.0,1236.118811881188,730.0,4.3,2.2222222222222223,1.0,5.3,2.727272727272727,1.0,325.6563,147.03416666666666,32.1821,206.57487777777771,49.14067847749436,136.5911271527989,0.3897969196269384,0.23788312986614613,114.85206666666667
86,Mo24V36,30.6,14.861538461538462,19.0,139.0,69.91071428571428,10.0,1.8419999999999999,0.9289709762532982,0.5300000000000002,7.7540000000000004,3.8238946723821186,4.11,0.6142000000000001,0.30848389630793405,0.22299999999999998,8.9218,4.441497214876497,0.352999999999998,572.892,289.23795211497855,143.48000000000002,3.072,1.5418152350081038,0.1299999999999999,2452.0,1236.118811881188,730.0,4.4,2.2222222222222223,1.0,5.4,2.727272727272727,1.0,355.4397666666667,145.72633333333334,41.36713333333333,215.63081111111114,60.675553052200605,166.4174619810906,0.3713716118740422,0.28138628584453756,104.35920000000002
87,Mo30V30,32.5,14.861538461538462,19.0,140.0,69.91071428571428,10.0,1.8950000000000002,0.9289709762532982,0.5300000000000002,8.165000000000001,3.8238946723821186,4.11,0.6365,0.30848389630793405,0.22299999999999998,8.886500000000002,4.441497214876497,0.352999999999998,587.24,289.23795211497855,143.48000000000002,3.085,1.5418152350081038,0.1299999999999999,2525.0,1236.118811881188,730.0,4.5,2.2222222222222223,1.0,5.5,2.727272727272727,1.0,384.08823333333333,143.5833,44.7275,223.75161111111115,67.3357139167365,183.59058448898546,0.3632482215604267,0.3009395712610031,98.85580000000002
88,V24Mo36,34.4,14.861538461538462,19.0,141.0,69.91071428571428,10.0,1.948,0.9289709762532982,0.5300000000000002,8.576,3.8238946723821186,4.11,0.6588,0.30848389630793405,0.22299999999999998,8.8512,4.441497214876497,0.352999999999998,601.588,289.23795211497855,143.48000000000002,3.098,1.5418152350081038,0.1299999999999999,2598.0,1236.118811881188,730.0,4.6,2.2222222222222223,1.0,5.6,2.727272727272727,1.0,416.00880000000006,144.58516666666665,61.25163333333334,235.0597111111111,84.75483777143863,226.98356532970215,0.33905964130222743,0.36056726765641095,83.33353333333332
89,V18Mo42,36.3,14.861538461538462,19.0,142.0,69.91071428571428,10.0,2.001,0.9289709762532982,0.5300000000000002,8.987,3.8238946723821186,4.11,0.6811,0.30848389630793405,0.22299999999999998,8.815900000000001,4.441497214876497,0.352999999999998,615.936,289.23795211497855,143.48000000000002,3.1109999999999993,1.5418152350081038,0.1299999999999999,2671.0,1236.118811881188,730.0,4.7,2.2222222222222223,1.0,5.7,2.727272727272727,1.0,435.60666666666674,149.026,66.51516666666667,244.5528888888889,90.94232810538931,242.73786087223675,0.33457030367057383,0.3718718209323971,82.51083333333334
90,V15Mo45,37.25,14.861538461538462,19.0,142.5,69.91071428571428,10.0,2.0275000000000003,0.9289709762532982,0.5300000000000002,9.1925,3.8238946723821186,4.11,0.6922499999999999,0.30848389630793405,0.22299999999999998,8.79825,4.441497214876497,0.352999999999998,623.1100000000001,289.23795211497855,143.48000000000002,3.1175,1.5418152350081038,0.1299999999999999,2707.5,1236.118811881188,730.0,4.75,2.2222222222222223,1.0,5.75,2.727272727272727,1.0,440.1088,151.6397333333333,69.3578,247.7960888888889,93.42154533298144,248.9758592401724,0.3325398244738422,0.3770097653755601,82.28193333333331
91,V12Mo48,38.2,14.861538461538462,19.0,143.0,69.91071428571428,10.0,2.0540000000000003,0.9289709762532982,0.5300000000000002,9.398000000000001,3.8238946723821186,4.11,0.7033999999999999,0.30848389630793405,0.22299999999999998,8.7806,4.441497214876497,0.352999999999998,630.284,289.23795211497855,143.48000000000002,3.124,1.5418152350081038,0.1299999999999999,2744.0,1236.118811881188,730.0,4.8,2.2222222222222223,1.0,5.8,2.727272727272727,1.0,444.2737333333334,153.66416666666666,72.44109999999999,250.53402222222226,96.10191642664171,255.62130332331108,0.3299490417469286,0.38358828702873676,81.22306666666667
92,V6Mo54,40.1,14.861538461538462,19.0,144.0,69.91071428571428,10.0,2.107,0.9289709762532982,0.5300000000000002,9.809,3.8238946723821186,4.11,0.7257,0.30848389630793405,0.22299999999999998,8.745300000000002,4.441497214876497,0.352999999999998,644.632,289.23795211497855,143.48000000000002,3.137,1.5418152350081038,0.1299999999999999,2817.0,1236.118811881188,730.0,4.9,2.2222222222222223,1.0,5.9,2.727272727272727,1.0,464.83533333333327,157.79036666666667,79.73906666666667,260.1386888888889,103.98444073278259,275.27503959659697,0.32363571730887164,0.3997269348012924,78.0513
93,Mo6W54,70.8,26.79310344827586,32.0,136.0,69.91071428571428,10.0,2.3400000000000003,1.127787610619469,0.19999999999999973,18.392,6.681775067750677,9.08,0.809434,0.39032033037986014,0.06825999999999999,8.674000000000001,4.344976985040276,0.040000000000000924,831.798,371.390336295845,192.01999999999998,3.1590000000000003,1.5774960380348653,0.010000000000000231,3601.0,1618.751902587519,790.0,5.9,2.727272727272727,1.0,6.0,3.0,0.0,517.2851333333333,200.12430000000003,124.4658,305.84457777777783,137.1480611781415,357.9410583753263,0.30494392447297153,0.44842403999652153,75.65850000000003
94,Mo12W48,67.6,26.79310344827586,32.0,137.0,69.91071428571428,10.0,2.32,1.127787610619469,0.19999999999999973,17.484,6.681775067750677,9.08,0.802608,0.39032033037986014,0.06825999999999999,8.677999999999999,4.344976985040276,0.040000000000000924,812.596,371.390336295845,192.01999999999998,3.1580000000000004,1.5774960380348653,0.010000000000000231,3522.0,1618.751902587519,790.0,5.8,2.727272727272727,1.0,6.0,3.0,0.0,515.1889666666666,194.44389999999999,122.75513333333333,301.3589222222222,136.6336255266266,356.0854796224051,0.3030667899279764,0.4533916716952979,71.68876666666665
95,Mo15W45,66.0,26.79310344827586,32.0,137.5,69.91071428571428,10.0,2.31,1.127787610619469,0.19999999999999973,17.029999999999998,6.681775067750677,9.08,0.7991949999999999,0.39032033037986014,0.06825999999999999,8.68,4.344976985040276,0.040000000000000924,802.995,371.390336295845,192.01999999999998,3.1575,1.5774960380348653,0.010000000000000231,3482.5,1618.751902587519,790.0,5.75,2.727272727272727,1.0,6.0,3.0,0.0,514.5655,191.27830000000003,122.25619999999999,299.0407,136.7350902974433,355.9526572022196,0.30161415196313873,0.457245753830309,69.02210000000004
96,Mo18W42,64.4,26.79310344827586,32.0,138.0,69.91071428571428,10.0,2.3,1.127787610619469,0.19999999999999973,16.576,6.681775067750677,9.08,0.7957819999999999,0.39032033037986014,0.06825999999999999,8.682,4.344976985040276,0.040000000000000924,793.394,371.390336295845,192.01999999999998,3.1569999999999996,1.5774960380348653,0.010000000000000231,3443.0,1618.751902587519,790.0,5.7,2.727272727272727,1.0,6.0,3.0,0.0,513.3680666666666,188.33746666666664,121.10499999999998,296.681,136.25921325220395,354.50540018711473,0.3008492847047195,0.45927852896614196,67.23246666666667
97,Mo24W36,61.2,26.79310344827586,32.0,139.0,69.91071428571428,10.0,2.2800000000000002,1.127787610619469,0.19999999999999973,15.668000000000003,6.681775067750677,9.08,0.788956,0.39032033037986014,0.06825999999999999,8.686000000000002,4.344976985040276,0.040000000000000924,774.1920000000001,371.390336295845,192.01999999999998,3.156,1.5774960380348653,0.010000000000000231,3364.0,1618.751902587519,790.0,5.6,2.727272727272727,1.0,6.0,3.0,0.0,510.65673333333325,183.5913333333333,117.94666666666667,292.61313333333334,134.4648149432742,349.8113829671131,0.3007543390242491,0.4595310313365094,65.64466666666662
98,Mo30W30,58.0,26.79310344827586,32.0,140.0,69.91071428571428,10.0,2.2600000000000002,1.127787610619469,0.19999999999999973,14.76,6.681775067750677,9.08,0.7821300000000001,0.39032033037986014,0.06825999999999999,8.690000000000001,4.344976985040276,0.040000000000000924,754.99,371.390336295845,192.01999999999998,3.1550000000000002,1.5774960380348653,0.010000000000000231,3285.0,1618.751902587519,790.0,5.5,2.727272727272727,1.0,6.0,3.0,0.0,506.5376666666666,178.42146666666665,113.76956666666668,287.7935333333333,131.77669372852796,342.9812802891117,0.3013730675155825,0.45788622211986685,64.65189999999997
99,W24Mo36,54.8,26.79310344827586,32.0,141.0,69.91071428571428,10.0,2.24,1.127787610619469,0.19999999999999973,13.852000000000002,6.681775067750677,9.08,0.7753040000000001,0.39032033037986014,0.06825999999999999,8.694,4.344976985040276,0.040000000000000924,735.788,371.390336295845,192.01999999999998,3.1540000000000004,1.5774960380348653,0.010000000000000231,3206.0,1618.751902587519,790.0,5.4,2.727272727272727,1.0,6.0,3.0,0.0,503.8068666666666,174.6948,109.20176666666667,284.3988222222222,128.7616306971978,335.63235126227335,0.30330887176927285,0.45275022481136246,65.49303333333332
100,W18Mo42,51.6,26.79310344827586,32.0,142.0,69.91071428571428,10.0,2.2199999999999998,1.127787610619469,0.19999999999999973,12.944,6.681775067750677,9.08,0.768478,0.39032033037986014,0.06825999999999999,8.698000000000002,4.344976985040276,0.040000000000000924,716.586,371.390336295845,192.01999999999998,3.1529999999999996,1.5774960380348653,0.010000000000000231,3127.0,1618.751902587519,790.0,5.3,2.727272727272727,1.0,6.0,3.0,0.0,502.01893333333334,172.03293333333332,106.75846666666666,282.02826666666664,127.18034181687231,331.68357556457175,0.3039891654095596,0.4509489184188358,65.27446666666665
101,W15Mo45,50.0,26.79310344827586,32.0,142.5,69.91071428571428,10.0,2.21,1.127787610619469,0.19999999999999973,12.490000000000002,6.681775067750677,9.08,0.7650649999999999,0.39032033037986014,0.06825999999999999,8.7,4.344976985040276,0.040000000000000924,706.9850000000001,371.390336295845,192.01999999999998,3.1525000000000003,1.5774960380348653,0.010000000000000231,3087.5,1618.751902587519,790.0,5.25,2.727272727272727,1.0,6.0,3.0,0.0,500.38439999999997,170.29340000000002,105.37646666666667,280.32373333333334,126.21777584741764,329.2392192210404,0.3042505978676556,0.45025718781125074,64.91693333333335
102,W12Mo48,48.4,26.79310344827586,32.0,143.0,69.91071428571428,10.0,2.2,1.127787610619469,0.19999999999999973,12.036000000000001,6.681775067750677,9.08,0.7616519999999999,0.39032033037986014,0.06825999999999999,8.702,4.344976985040276,0.040000000000000924,697.384,371.390336295845,192.01999999999998,3.152,1.5774960380348653,0.010000000000000231,3048.0,1618.751902587519,790.0,5.2,2.727272727272727,1.0,6.0,3.0,0.0,499.386,169.15013333333334,104.053,279.22875555555555,125.29847083723809,326.98589344235353,0.3048279490461861,0.44873054205303226,65.09713333333335
103,W6Mo54,45.2,26.79310344827586,32.0,144.0,69.91071428571428,10.0,2.18,1.127787610619469,0.19999999999999973,11.128000000000002,6.681775067750677,9.08,0.754826,0.39032033037986014,0.06825999999999999,8.706,4.344976985040276,0.040000000000000924,678.182,371.390336295845,192.01999999999998,3.1510000000000002,1.5774960380348653,0.010000000000000231,2969.0,1618.751902587519,790.0,5.1,2.727272727272727,1.0,6.0,3.0,0.0,495.1073333333334,164.11919999999998,100.51216666666669,274.44857777777776,122.87257589217549,320.7503282851448,0.3052152848435978,0.44770709648809315,63.60703333333329
104,Ta6Nb54,44.2,26.25438596491228,32.0,145.0,72.5,0.0,1.59,0.7741935483870969,0.10000000000000009,9.378400000000001,5.658292895654933,8.084,0.8578654000000001,0.23834379694789282,0.5954060000000001,8.299,4.064917025199754,0.41000000000000014,737.9,378.3537953795379,49.0,3.301,1.65249621785174,0.010000000000000231,2793.8,1490.9033277870217,528.0,5.1,2.727272727272727,1.0,5.0,2.5,0.0,271.3804,147.21526666666668,14.082333333333333,188.60364444444443,26.834974677193408,76.85966542340226,0.4320800810876853,0.14228237612395653,133.13293333333334
105,Ta12Nb48,47.4,26.25438596491228,32.0,145.0,72.5,0.0,1.5800000000000003,0.7741935483870969,0.10000000000000009,10.186800000000002,5.658292895654933,8.084,0.7983248,0.23834379694789282,0.5954060000000001,8.258000000000001,4.064917025199754,0.41000000000000014,742.8,378.3537953795379,49.0,3.3019999999999996,1.65249621785174,0.010000000000000231,2846.6,1490.9033277870217,528.0,5.2,2.727272727272727,1.0,5.0,2.5,0.0,253.65013333333332,153.7301666666667,23.3533,187.03682222222224,31.835350651872325,90.37831757487234,0.4194647730314373,0.17020900095302144,130.3768666666667
106,Ta15Nb45,49.0,26.25438596491228,32.0,145.0,72.5,0.0,1.575,0.7741935483870969,0.10000000000000009,10.591000000000001,5.658292895654933,8.084,0.7685545,0.23834379694789282,0.5954060000000001,8.2375,4.064917025199754,0.41000000000000014,745.25,378.3537953795379,49.0,3.3025,1.65249621785174,0.010000000000000231,2873.0,1490.9033277870217,528.0,5.25,2.727272727272727,1.0,5.0,2.5,0.0,256.0003,152.5362666666667,24.9834,187.02427777777783,33.59039622474617,95.07898510866438,0.41527037181269305,0.1796044696649398,127.5528666666667
107,Ta18Nb42,50.6,26.25438596491228,32.0,145.0,72.5,0.0,1.57,0.7741935483870969,0.10000000000000009,10.9952,5.658292895654933,8.084,0.7387842,0.23834379694789282,0.5954060000000001,8.217,4.064917025199754,0.41000000000000014,747.7,378.3537953795379,49.0,3.303,1.65249621785174,0.010000000000000231,2899.4,1490.9033277870217,528.0,5.3,2.727272727272727,1.0,5.0,2.5,0.0,256.9182666666666,147.32566666666665,34.13013333333333,183.8565333333333,41.295137783357625,115.2563536546573,0.3955196645585096,0.22460522362014315,113.19553333333332
108,Ta24Nb36,53.8,26.25438596491228,32.0,145.0,72.5,0.0,1.5599999999999998,0.7741935483870969,0.10000000000000009,11.8036,5.658292895654933,8.084,0.6792436000000001,0.23834379694789282,0.5954060000000001,8.176,4.064917025199754,0.41000000000000014,752.6,378.3537953795379,49.0,3.3040000000000003,1.65249621785174,0.010000000000000231,2952.2,1490.9033277870217,528.0,5.4,2.727272727272727,1.0,5.0,2.5,0.0,260.7602,147.66959999999997,38.711133333333336,185.36646666666664,45.07237258749458,125.0793225600139,0.3875387003114786,0.24315278484832703,108.95846666666664
109,Ta30Nb30,57.0,26.25438596491228,32.0,145.0,72.5,0.0,1.55,0.7741935483870969,0.10000000000000009,12.612,5.658292895654933,8.084,0.619703,0.23834379694789282,0.5954060000000001,8.135,4.064917025199754,0.41000000000000014,757.5,378.3537953795379,49.0,3.305,1.65249621785174,0.010000000000000231,3005.0,1490.9033277870217,528.0,5.5,2.727272727272727,1.0,5.0,2.5,0.0,263.1706,149.00336666666666,45.74376666666668,187.0591111111111,49.98604832168243,137.69331479777807,0.3773174657822559,0.26722060221910954,103.25959999999998
110,Nb24Ta36,60.2,26.25438596491228,32.0,145.0,72.5,0.0,1.54,0.7741935483870969,0.10000000000000009,13.420399999999999,5.658292895654933,8.084,0.5601624,0.23834379694789282,0.5954060000000001,8.094,4.064917025199754,0.41000000000000014,762.4,378.3537953795379,49.0,3.3059999999999996,1.65249621785174,0.010000000000000231,3057.8,1490.9033277870217,528.0,5.6,2.727272727272727,1.0,5.0,2.5,0.0,267.3784666666666,149.6825,49.08086666666667,188.91448888888885,52.779352370088475,144.84867487441582,0.37220966504797015,0.2793822362726818,100.60163333333333
111,Nb18Ta42,63.4,26.25438596491228,32.0,145.0,72.5,0.0,1.53,0.7741935483870969,0.10000000000000009,14.2288,5.658292895654933,8.084,0.5006218,0.23834379694789282,0.5954060000000001,8.053,4.064917025199754,0.41000000000000014,767.3,378.3537953795379,49.0,3.3070000000000004,1.65249621785174,0.010000000000000231,3110.6,1490.9033277870217,528.0,5.7,2.727272727272727,1.0,5.0,2.5,0.0,269.49896666666666,151.0296,54.12566666666667,190.5193888888889,56.114505241200895,153.2934529788272,0.3658986417140741,0.29453435457913907,96.90393333333333
112,Nb15Ta45,65.0,26.25438596491228,32.0,145.0,72.5,0.0,1.525,0.7741935483870969,0.10000000000000009,14.633000000000001,5.658292895654933,8.084,0.47085150000000003,0.23834379694789282,0.5954060000000001,8.032499999999999,4.064917025199754,0.41000000000000014,769.75,378.3537953795379,49.0,3.3074999999999997,1.65249621785174,0.010000000000000231,3137.0,1490.9033277870217,528.0,5.75,2.727272727272727,1.0,5.0,2.5,0.0,265.26606666666663,152.26886666666667,55.924,189.9346,56.15313588248968,153.34730733185262,0.3654385006454392,0.29564458441215913,96.34486666666666
113,Nb12Ta48,66.6,26.25438596491228,32.0,145.0,72.5,0.0,1.52,0.7741935483870969,0.10000000000000009,15.037200000000002,5.658292895654933,8.084,0.4410812,0.23834379694789282,0.5954060000000001,8.011999999999999,4.064917025199754,0.41000000000000014,772.2,378.3537953795379,49.0,3.308,1.65249621785174,0.010000000000000231,3163.4,1490.9033277870217,528.0,5.8,2.727272727272727,1.0,5.0,2.5,0.0,267.5822666666667,153.51813333333328,58.34003333333334,191.5395111111111,57.81327977738649,157.5849665253425,0.3628786252235896,0.3018347464813633,95.17809999999994
114,Nb6Ta54,69.8,26.25438596491228,32.0,145.0,72.5,0.0,1.51,0.7741935483870969,0.10000000000000009,15.8456,5.658292895654933,8.084,0.38154060000000006,0.23834379694789282,0.5954060000000001,7.971,4.064917025199754,0.41000000000000014,777.1,378.3537953795379,49.0,3.309,1.65249621785174,0.010000000000000231,3216.2,1490.9033277870217,528.0,5.9,2.727272727272727,1.0,5.0,2.5,0.0,264.79653333333334,155.84959999999998,63.38693333333333,192.16524444444443,59.65727762938268,162.188178423808,0.3593327157115056,0.3104478013277255,92.46266666666665
115,V6Nb54,39.2,14.734375,18.0,144.0,69.91071428571428,10.0,1.6030000000000002,0.8074303405572756,0.029999999999999805,8.324000000000002,3.5669414168937332,2.46,0.8781654000000001,0.33391302448825083,0.39240600000000003,8.4123,4.343240820548181,0.722999999999999,711.25,302.65238285943127,217.5,3.272,1.5768987341772147,0.27999999999999986,2682.9,1208.0310140787594,581.0,4.9,2.2222222222222223,1.0,5.0,2.5,0.0,260.31286666666665,141.809,17.393466666666665,181.3102888888889,29.190653938400676,83.1116811589188,0.4236008781150385,0.16099833118841578,124.41553333333333
116,V12Nb48,37.4,14.734375,18.0,143.0,69.91071428571428,10.0,1.6060000000000003,0.8074303405572756,0.029999999999999805,8.078,3.5669414168937332,2.46,0.8389247999999999,0.33391302448825083,0.39240600000000003,8.484599999999999,4.343240820548181,0.722999999999999,689.5,302.65238285943127,217.5,3.2439999999999998,1.5768987341772147,0.27999999999999986,2624.8,1208.0310140787594,581.0,4.8,2.2222222222222223,1.0,5.0,2.5,0.0,237.42043333333334,140.894,15.9602,173.06947777777782,25.338365784384276,72.47803066762559,0.4302033383757709,0.14640574473171336,124.9338
117,V15Nb45,36.5,14.734375,18.0,142.5,69.91071428571428,10.0,1.6075000000000002,0.8074303405572756,0.029999999999999805,7.955000000000001,3.5669414168937332,2.46,0.8193045,0.33391302448825083,0.39240600000000003,8.52075,4.343240820548181,0.722999999999999,678.625,302.65238285943127,217.5,3.23,1.5768987341772147,0.27999999999999986,2595.75,1208.0310140787594,581.0,4.75,2.2222222222222223,1.0,5.0,2.5,0.0,228.30866666666668,143.48916666666665,15.199666666666667,171.76233333333334,23.265472673394157,66.78121200304449,0.4351999836954508,0.1354515406369314,128.28949999999998
118,V18Nb42,35.6,14.734375,18.0,142.0,69.91071428571428,10.0,1.6089999999999998,0.8074303405572756,0.029999999999999805,7.832,3.5669414168937332,2.46,0.7996842000000001,0.33391302448825083,0.39240600000000003,8.5569,4.343240820548181,0.722999999999999,667.75,302.65238285943127,217.5,3.2159999999999997,1.5768987341772147,0.27999999999999986,2566.7,1208.0310140787594,581.0,4.7,2.2222222222222223,1.0,5.0,2.5,0.0,225.71763333333334,142.86216666666667,14.622733333333334,170.48065555555556,22.536757309311763,64.75675694383455,0.4366919795750357,0.1321953932888742,128.23943333333332
119,V24Nb36,33.8,14.734375,18.0,141.0,69.91071428571428,10.0,1.6119999999999999,0.8074303405572756,0.029999999999999805,7.585999999999999,3.5669414168937332,2.46,0.7604436000000001,0.33391302448825083,0.39240600000000003,8.629199999999999,4.343240820548181,0.722999999999999,646.0,302.65238285943127,217.5,3.188,1.5768987341772147,0.27999999999999986,2508.6,1208.0310140787594,581.0,4.6,2.2222222222222223,1.0,5.0,2.5,0.0,231.0318666666667,139.6084666666667,15.776033333333332,170.08293333333333,24.56282288545957,70.30410540237551,0.4311080149503776,0.14441674072801094,123.83243333333336
120,V30Nb30,32.0,14.734375,18.0,140.0,69.91071428571428,10.0,1.615,0.8074303405572756,0.029999999999999805,7.340000000000001,3.5669414168937332,2.46,0.7212030000000001,0.33391302448825083,0.39240600000000003,8.7015,4.343240820548181,0.722999999999999,624.25,302.65238285943127,217.5,3.1599999999999997,1.5768987341772147,0.27999999999999986,2450.5,1208.0310140787594,581.0,4.5,2.2222222222222223,1.0,5.0,2.5,0.0,235.5563,136.07786666666667,13.015933333333335,169.23734444444446,23.088060048074,66.25141588458702,0.4347549284486918,0.1364241451782713,123.06193333333333
121,Nb24V36,30.2,14.734375,18.0,139.0,69.91071428571428,10.0,1.6179999999999999,0.8074303405572756,0.029999999999999805,7.093999999999999,3.5669414168937332,2.46,0.6819624,0.33391302448825083,0.39240600000000003,8.7738,4.343240820548181,0.722999999999999,602.5,302.65238285943127,217.5,3.1319999999999997,1.5768987341772147,0.27999999999999986,2392.4,1208.0310140787594,581.0,4.4,2.2222222222222223,1.0,5.0,2.5,0.0,232.06853333333333,139.07186666666666,13.391033333333333,170.07075555555556,22.678771773074068,65.14082645545136,0.43616301418914205,0.1333490387514965,125.68083333333334
122,Nb18V42,28.4,14.734375,18.0,138.0,69.91071428571428,10.0,1.6209999999999998,0.8074303405572756,0.029999999999999805,6.848,3.5669414168937332,2.46,0.6427218000000001,0.33391302448825083,0.39240600000000003,8.8461,4.343240820548181,0.722999999999999,580.75,302.65238285943127,217.5,3.104,1.5768987341772147,0.27999999999999986,2334.3,1208.0310140787594,581.0,4.3,2.2222222222222223,1.0,5.0,2.5,0.0,241.00076666666666,135.80253333333334,15.299433333333335,170.86861111111114,25.788433049193106,73.65959505306242,0.4281518173778139,0.15092551453130032,120.5031
123,Nb15V45,27.5,14.734375,18.0,137.5,69.91071428571428,10.0,1.6224999999999998,0.8074303405572756,0.029999999999999805,6.725,3.5669414168937332,2.46,0.6231015000000001,0.33391302448825083,0.39240600000000003,8.882249999999999,4.343240820548181,0.722999999999999,569.875,302.65238285943127,217.5,3.0900000000000003,1.5768987341772147,0.27999999999999986,2305.25,1208.0310140787594,581.0,4.25,2.2222222222222223,1.0,5.0,2.5,0.0,243.0929,136.2171,12.420900000000001,171.84236666666663,23.375868575062587,67.0856969020645,0.4349348493007793,0.136030881257625,123.79619999999998
124,Nb12V48,26.6,14.734375,18.0,137.0,69.91071428571428,10.0,1.6239999999999999,0.8074303405572756,0.029999999999999805,6.602,3.5669414168937332,2.46,0.6034811999999999,0.33391302448825083,0.39240600000000003,8.918399999999998,4.343240820548181,0.722999999999999,559.0,302.65238285943127,217.5,3.076,1.5768987341772147,0.27999999999999986,2276.2,1208.0310140787594,581.0,4.2,2.2222222222222223,1.0,5.0,2.5,0.0,245.6903,138.26880000000003,11.940166666666665,174.0759666666667,22.990033631924128,66.06186027971543,0.4367499703867647,0.1320689700718257,126.32863333333336
125,Nb6V54,24.8,14.734375,18.0,136.0,69.91071428571428,10.0,1.627,0.8074303405572756,0.029999999999999805,6.356,3.5669414168937332,2.46,0.5642406,0.33391302448825083,0.39240600000000003,8.990699999999999,4.343240820548181,0.722999999999999,537.25,302.65238285943127,217.5,3.048,1.5768987341772147,0.27999999999999986,2218.1,1208.0310140787594,581.0,4.1,2.2222222222222223,1.0,5.0,2.5,0.0,242.68746666666667,138.26239999999999,13.957666666666666,173.07075555555556,24.50184070760789,70.19308168812438,0.432404253332878,0.1415712355848751,124.30473333333332
126,V6Ta54,68.0,17.489583333333332,50.0,144.0,69.91071428571428,10.0,1.5130000000000001,0.7811501597444088,0.1299999999999999,15.5996,4.4700377789492185,10.544,0.34230000000000005,0.19958677685950416,0.203,8.043299999999999,4.229364444182898,1.1329999999999991,755.35,310.6905587668594,266.5,3.281,1.579178515007899,0.29000000000000004,3158.1,1300.6152145883218,1109.0,5.8,2.4,2.0,5.0,2.5,0.0,271.7586,159.2046333333333,59.779133333333334,196.72262222222218,58.35275562203138,159.3068290320847,0.3650326135749585,0.29662453134705996,99.42549999999997
127,V12Ta48,63.0,17.489583333333332,50.0,143.0,69.91071428571428,10.0,1.526,0.7811501597444088,0.1299999999999999,14.545200000000001,4.4700377789492185,10.544,0.3626,0.19958677685950416,0.203,8.1566,4.229364444182898,1.1329999999999991,728.7,310.6905587668594,266.5,3.2520000000000002,1.579178515007899,0.29000000000000004,3047.2,1300.6152145883218,1109.0,5.6,2.4,2.0,5.0,2.5,0.0,265.9497,156.72643333333332,52.746766666666666,193.1341888888889,53.48496577922312,146.89494512933962,0.3732358522551652,0.2769316302148518,103.97966666666665
128,V15Ta45,60.5,17.489583333333332,50.0,142.5,69.91071428571428,10.0,1.5325,0.7811501597444088,0.1299999999999999,14.017999999999999,4.4700377789492185,10.544,0.37275,0.19958677685950416,0.203,8.213249999999999,4.229364444182898,1.1329999999999991,715.375,310.6905587668594,266.5,3.2375,1.579178515007899,0.29000000000000004,2991.75,1300.6152145883218,1109.0,5.5,2.4,2.0,5.0,2.5,0.0,264.0742333333333,154.04336666666666,47.44456666666667,190.72032222222217,50.340608118881995,138.8089548872706,0.3786976367018245,0.26394989024938037,106.59879999999998
129,V18Ta42,58.0,17.489583333333332,50.0,142.0,69.91071428571428,10.0,1.5390000000000001,0.7811501597444088,0.1299999999999999,13.4908,4.4700377789492185,10.544,0.3829000000000001,0.19958677685950416,0.203,8.2699,4.229364444182898,1.1329999999999991,702.05,310.6905587668594,266.5,3.223,1.579178515007899,0.29000000000000004,2936.3,1300.6152145883218,1109.0,5.4,2.4,2.0,5.0,2.5,0.0,258.45953333333335,152.1711,42.71046666666666,187.60057777777774,46.617203638132274,129.15373031108606,0.3852582333514318,0.2484917913917764,109.46063333333333
130,V24Ta36,53.0,17.489583333333332,50.0,141.0,69.91071428571428,10.0,1.552,0.7811501597444088,0.1299999999999999,12.436399999999999,4.4700377789492185,10.544,0.4032,0.19958677685950416,0.203,8.383199999999999,4.229364444182898,1.1329999999999991,675.4,310.6905587668594,266.5,3.194,1.579178515007899,0.29000000000000004,2825.4,1300.6152145883218,1109.0,5.2,2.4,2.0,5.0,2.5,0.0,258.66093333333333,148.62293333333335,38.55643333333334,185.30226666666667,44.469990576529206,123.52827696931436,0.3888947958818688,0.2399862202253824,110.06650000000002
131,V30Ta30,48.0,17.489583333333332,50.0,140.0,69.91071428571428,10.0,1.5650000000000002,0.7811501597444088,0.1299999999999999,11.382000000000001,4.4700377789492185,10.544,0.4235,0.19958677685950416,0.203,8.4965,4.229364444182898,1.1329999999999991,648.75,310.6905587668594,266.5,3.1649999999999996,1.579178515007899,0.29000000000000004,2714.5,1300.6152145883218,1109.0,5.0,2.4,2.0,5.0,2.5,0.0,253.40793333333332,145.9988,32.20636666666667,181.80184444444444,39.57606325222878,110.69580997746029,0.3985197222872629,0.21768790835520127,113.79243333333332
132,Ta24V36,43.0,17.489583333333332,50.0,139.0,69.91071428571428,10.0,1.5779999999999998,0.7811501597444088,0.1299999999999999,10.3276,4.4700377789492185,10.544,0.44380000000000003,0.19958677685950416,0.203,8.6098,4.229364444182898,1.1329999999999991,622.1,310.6905587668594,266.5,3.136,1.579178515007899,0.29000000000000004,2603.6,1300.6152145883218,1109.0,4.8,2.4,2.0,5.0,2.5,0.0,250.21626666666668,146.14540000000002,26.080333333333332,180.83568888888888,34.52159349639968,97.36886423855452,0.4102602802606616,0.19090033448879015,120.0650666666667
133,Ta18V42,38.0,17.489583333333332,50.0,138.0,69.91071428571428,10.0,1.591,0.7811501597444088,0.1299999999999999,9.273200000000001,4.4700377789492185,10.544,0.4641,0.19958677685950416,0.203,8.723099999999999,4.229364444182898,1.1329999999999991,595.45,310.6905587668594,266.5,3.107,1.579178515007899,0.29000000000000004,2492.7,1300.6152145883218,1109.0,4.6,2.4,2.0,5.0,2.5,0.0,253.4641,141.31096666666664,23.189600000000002,178.69534444444446,33.320599927530196,94.11222419981785,0.41222283519061603,0.18646596547393215,118.12136666666665
134,Ta15V45,35.5,17.489583333333332,50.0,137.5,69.91071428571428,10.0,1.5975,0.7811501597444088,0.1299999999999999,8.746,4.4700377789492185,10.544,0.47424999999999995,0.19958677685950416,0.203,8.779749999999998,4.229364444182898,1.1329999999999991,582.125,310.6905587668594,266.5,3.0925000000000002,1.579178515007899,0.29000000000000004,2437.25,1300.6152145883218,1109.0,4.5,2.4,2.0,5.0,2.5,0.0,254.17416666666668,141.1087,15.696666666666665,178.79718888888888,27.053019939449076,77.26231874437973,0.4279795549131057,0.15130562235103603,125.41203333333334
135,Ta12V48,33.0,17.489583333333332,50.0,137.0,69.91071428571428,10.0,1.6039999999999999,0.7811501597444088,0.1299999999999999,8.2188,4.4700377789492185,10.544,0.48440000000000005,0.19958677685950416,0.203,8.8364,4.229364444182898,1.1329999999999991,568.8,310.6905587668594,266.5,3.0780000000000003,1.579178515007899,0.29000000000000004,2381.8,1300.6152145883218,1109.0,4.4,2.4,2.0,5.0,2.5,0.0,254.6677,142.1805666666667,12.637566666666666,179.67627777777776,24.19926750418444,69.47861573795015,0.43555204152225296,0.13468259585226888,129.54300000000003
136,Ta6V54,28.0,17.489583333333332,50.0,136.0,69.91071428571428,10.0,1.617,0.7811501597444088,0.1299999999999999,7.1644000000000005,4.4700377789492185,10.544,0.5047,0.19958677685950416,0.203,8.9497,4.229364444182898,1.1329999999999991,542.15,310.6905587668594,266.5,3.049,1.579178515007899,0.29000000000000004,2270.9,1300.6152145883218,1109.0,4.2,2.4,2.0,5.0,2.5,0.0,247.81076666666664,143.94353333333333,15.767733333333334,178.56594444444443,26.04492204374651,74.51208675831471,0.4304532498342679,0.14585604284611856,128.1758
137,W6Nb54,44.3,26.382608695652173,33.0,144.0,69.91071428571428,10.0,1.676,0.9535353535353536,0.7599999999999998,9.643,5.934732687477575,10.73,0.9072914000000001,0.4319412283334853,0.10114600000000008,8.373,4.250899470899471,0.33000000000000007,744.8,393.802398989899,118.0,3.286,1.6142414860681114,0.13999999999999968,2834.9,1570.9204173804703,939.0,5.1,2.727272727272727,1.0,5.1,2.727272727272727,1.0,256.6177333333333,151.22553333333335,18.76863333333333,186.35626666666667,28.80918270379791,82.19213345488504,0.42649193314410944,0.15459197170615446,132.45690000000002
138,W12Nb48,47.6,26.382608695652173,33.0,143.0,69.91071428571428,10.0,1.752,0.9535353535353536,0.7599999999999998,10.716000000000001,5.934732687477575,10.73,0.8971768,0.4319412283334853,0.10114600000000008,8.406,4.250899470899471,0.33000000000000007,756.6,393.802398989899,118.0,3.272,1.6142414860681114,0.13999999999999968,2928.8,1570.9204173804703,939.0,5.2,2.727272727272727,1.0,5.2,2.727272727272727,1.0,282.6566666666667,153.75373333333334,22.727999999999998,196.72137777777783,35.04358802803675,99.23806784930665,0.4159233319646217,0.17813817910335603,131.02573333333333
139,W15Nb45,49.25,26.382608695652173,33.0,142.5,69.91071428571428,10.0,1.79,0.9535353535353536,0.7599999999999998,11.252500000000001,5.934732687477575,10.73,0.8921195,0.4319412283334853,0.10114600000000008,8.422500000000001,4.250899470899471,0.33000000000000007,762.5,393.802398989899,118.0,3.265,1.6142414860681114,0.13999999999999968,2975.75,1570.9204173804703,939.0,5.25,2.727272727272727,1.0,5.25,2.727272727272727,1.0,300.50050000000005,154.0077,29.11583333333333,202.83863333333335,42.56436713605,119.34516594854004,0.4019375122749134,0.2098434920240375,124.89186666666667
140,W18Nb42,50.9,26.382608695652173,33.0,142.0,69.91071428571428,10.0,1.828,0.9535353535353536,0.7599999999999998,11.789,5.934732687477575,10.73,0.8870622,0.4319412283334853,0.10114600000000008,8.439,4.250899470899471,0.33000000000000007,768.4,393.802398989899,118.0,3.258,1.6142414860681114,0.13999999999999968,3022.7,1570.9204173804703,939.0,5.3,2.727272727272727,1.0,5.3,2.727272727272727,1.0,315.16333333333336,155.475,34.64173333333333,208.70444444444442,48.75284720381074,135.69271310042436,0.3916388568360166,0.2335975514732672,120.83326666666667
141,W24Nb36,54.2,26.382608695652173,33.0,141.0,69.91071428571428,10.0,1.9040000000000001,0.9535353535353536,0.7599999999999998,12.862,5.934732687477575,10.73,0.8769476,0.4319412283334853,0.10114600000000008,8.472,4.250899470899471,0.33000000000000007,780.2,393.802398989899,118.0,3.2439999999999998,1.6142414860681114,0.13999999999999968,3116.6,1570.9204173804703,939.0,5.4,2.727272727272727,1.0,5.4,2.727272727272727,1.0,346.81333333333333,155.6473,44.697300000000006,219.3693111111111,60.92121334677102,167.2786172726867,0.3729094356715803,0.27771073828970666,110.94999999999999
142,W30Nb30,57.5,26.382608695652173,33.0,140.0,69.91071428571428,10.0,1.98,0.9535353535353536,0.7599999999999998,13.935,5.934732687477575,10.73,0.866833,0.4319412283334853,0.10114600000000008,8.505,4.250899470899471,0.33000000000000007,792.0,393.802398989899,118.0,3.23,1.6142414860681114,0.13999999999999968,3210.5,1570.9204173804703,939.0,5.5,2.727272727272727,1.0,5.5,2.727272727272727,1.0,390.484,159.12519999999998,67.6998,236.2448,84.02862800198494,225.36613267613515,0.3410080471075376,0.35568456110773633,91.42539999999998
143,Nb24W36,60.8,26.382608695652173,33.0,139.0,69.91071428571428,10.0,2.056,0.9535353535353536,0.7599999999999998,15.008000000000001,5.934732687477575,10.73,0.8567184,0.4319412283334853,0.10114600000000008,8.538,4.250899470899471,0.33000000000000007,803.8,393.802398989899,118.0,3.2159999999999997,1.6142414860681114,0.13999999999999968,3304.4,1570.9204173804703,939.0,5.6,2.727272727272727,1.0,5.6,2.727272727272727,1.0,420.7588666666666,169.4642,88.76799999999999,253.2290888888889,102.04798668826055,269.8899311855492,0.3223677406297961,0.40298682562901317,80.69620000000002
144,Nb18W42,64.1,26.382608695652173,33.0,138.0,69.91071428571428,10.0,2.1319999999999997,0.9535353535353536,0.7599999999999998,16.081,5.934732687477575,10.73,0.8466038,0.4319412283334853,0.10114600000000008,8.571,4.250899470899471,0.33000000000000007,815.6,393.802398989899,118.0,3.202,1.6142414860681114,0.13999999999999968,3398.3,1570.9204173804703,939.0,5.7,2.727272727272727,1.0,5.7,2.727272727272727,1.0,444.18800000000005,181.6082,90.01296666666667,269.1348,104.74245595484173,278.14442132637987,0.3277539598952025,0.3891821345840142,91.59523333333334
145,Nb15W45,65.75,26.382608695652173,33.0,137.5,69.91071428571428,10.0,2.17,0.9535353535353536,0.7599999999999998,16.6175,5.934732687477575,10.73,0.8415465,0.4319412283334853,0.10114600000000008,8.5875,4.250899470899471,0.33000000000000007,821.5,393.802398989899,118.0,3.1950000000000003,1.6142414860681114,0.13999999999999968,3445.25,1570.9204173804703,939.0,5.75,2.727272727272727,1.0,5.75,2.727272727272727,1.0,464.27953333333335,182.6803,98.20813333333332,276.5467111111111,113.48584805784552,299.49046884046953,0.3195057972682838,0.41036773716050123,84.47216666666667
146,Nb12W48,67.4,26.382608695652173,33.0,137.0,69.91071428571428,10.0,2.208,0.9535353535353536,0.7599999999999998,17.154,5.934732687477575,10.73,0.8364892,0.4319412283334853,0.10114600000000008,8.604000000000001,4.250899470899471,0.33000000000000007,827.4,393.802398989899,118.0,3.188,1.6142414860681114,0.13999999999999968,3492.2,1570.9204173804703,939.0,5.8,2.727272727272727,1.0,5.8,2.727272727272727,1.0,487.4887333333334,185.6998,115.06656666666667,286.2961111111111,128.26977645830522,334.8078086778824,0.30509235270521257,0.4480318505217974,70.63323333333334
147,Nb6W54,70.7,26.382608695652173,33.0,136.0,69.91071428571428,10.0,2.284,0.9535353535353536,0.7599999999999998,18.227,5.934732687477575,10.73,0.8263746,0.4319412283334853,0.10114600000000008,8.637,4.250899470899471,0.33000000000000007,839.2,393.802398989899,118.0,3.174,1.6142414860681114,0.13999999999999968,3586.1,1570.9204173804703,939.0,5.9,2.727272727272727,1.0,5.9,2.727272727272727,1.0,503.6133333333333,192.0459,124.07943333333333,295.9017111111111,135.918255672886,353.61247477454896,0.3008277402617162,0.4593358218934012,67.96646666666666
148,W6Ta54,73.1,36.748299319727884,1.0,144.0,69.91071428571428,10.0,1.5859999999999999,0.917098445595855,0.8599999999999999,16.9186,8.939817544640373,2.646000000000001,0.3714260000000001,0.23091009084040554,0.49426,8.004,4.141753012048193,0.7400000000000002,788.9,407.5211267605634,69.0,3.2950000000000004,1.616630602782071,0.1499999999999999,3310.1,1731.1728306231114,411.0,6.0,3.0,0.0,5.1,2.727272727272727,1.0,294.66900000000004,168.45383333333334,69.61473333333333,210.5255555555556,66.93454680992329,181.5617150166428,0.35626312322865833,0.31794024546468863,98.8391
149,W12Ta48,73.2,36.748299319727884,1.0,143.0,69.91071428571428,10.0,1.672,0.917098445595855,0.8599999999999999,17.183200000000003,8.939817544640373,2.646000000000001,0.420852,0.23091009084040554,0.49426,8.078,4.141753012048193,0.7400000000000002,795.8,407.5211267605634,69.0,3.2800000000000002,1.616630602782071,0.1499999999999999,3351.2,1731.1728306231114,411.0,6.0,3.0,0.0,5.2,2.727272727272727,1.0,309.01596666666666,174.72386666666662,68.73096666666667,219.4879,68.0925527408275,185.13284023514225,0.3594206178448848,0.31023374291169353,105.99289999999995
150,W15Ta45,73.25,36.748299319727884,1.0,142.5,69.91071428571428,10.0,1.715,0.917098445595855,0.8599999999999999,17.315499999999997,8.939817544640373,2.646000000000001,0.445565,0.23091009084040554,0.49426,8.115,4.141753012048193,0.7400000000000002,799.25,407.5211267605634,69.0,3.2725,1.616630602782071,0.1499999999999999,3371.75,1731.1728306231114,411.0,6.0,3.0,0.0,5.25,2.727272727272727,1.0,319.21313333333336,177.96569999999997,68.01639999999999,225.04817777777782,69.04760256833389,187.92369267904868,0.3608270648721473,0.3068125378758429,109.94929999999998
151,W18Ta42,73.3,36.748299319727884,1.0,142.0,69.91071428571428,10.0,1.7579999999999998,0.917098445595855,0.8599999999999999,17.447799999999997,8.939817544640373,2.646000000000001,0.47027800000000003,0.23091009084040554,0.49426,8.152,4.141753012048193,0.7400000000000002,802.7,407.5211267605634,69.0,3.265,1.616630602782071,0.1499999999999999,3392.3,1731.1728306231114,411.0,6.0,3.0,0.0,5.3,2.727272727272727,1.0,332.4828333333333,179.76376666666667,65.8715,230.67012222222218,69.88379937829109,190.4213831280761,0.3624143565613665,0.3029599096105159,113.89226666666667
152,W24Ta36,73.4,36.748299319727884,1.0,141.0,69.91071428571428,10.0,1.844,0.917098445595855,0.8599999999999999,17.712400000000002,8.939817544640373,2.646000000000001,0.519704,0.23091009084040554,0.49426,8.226,4.141753012048193,0.7400000000000002,809.6,407.5211267605634,69.0,3.25,1.616630602782071,0.1499999999999999,3433.4,1731.1728306231114,411.0,6.0,3.0,0.0,5.4,2.727272727272727,1.0,358.62369999999993,183.43726666666666,69.0533,241.8327444444444,75.9548137364298,206.26941296342298,0.3578429253950701,0.31407993946774526,114.38396666666667
153,W30Ta30,73.5,36.748299319727884,1.0,140.0,69.91071428571428,10.0,1.93,0.917098445595855,0.8599999999999999,17.976999999999997,8.939817544640373,2.646000000000001,0.56913,0.23091009084040554,0.49426,8.3,4.141753012048193,0.7400000000000002,816.5,407.5211267605634,69.0,3.2350000000000003,1.616630602782071,0.1499999999999999,3474.5,1731.1728306231114,411.0,6.0,3.0,0.0,5.5,2.727272727272727,1.0,393.325,183.00966666666662,75.60066666666667,253.11477777777782,86.30026422770676,232.4792831249004,0.34692103903352123,0.3409530845467826,107.40899999999995
154,Ta24W36,73.6,36.748299319727884,1.0,139.0,69.91071428571428,10.0,2.016,0.917098445595855,0.8599999999999999,18.241600000000002,8.939817544640373,2.646000000000001,0.618556,0.23091009084040554,0.49426,8.374,4.141753012048193,0.7400000000000002,823.4,407.5211267605634,69.0,3.2199999999999998,1.616630602782071,0.1499999999999999,3515.6,1731.1728306231114,411.0,6.0,3.0,0.0,5.6,2.727272727272727,1.0,420.7501666666667,185.1899,84.4803,263.7099888888889,96.52639441666142,258.0894810603565,0.3368855359203581,0.3660323783083229,100.7096
155,Ta18W42,73.7,36.748299319727884,1.0,138.0,69.91071428571428,10.0,2.102,0.917098445595855,0.8599999999999999,18.5062,8.939817544640373,2.646000000000001,0.667982,0.23091009084040554,0.49426,8.448,4.141753012048193,0.7400000000000002,830.3,407.5211267605634,69.0,3.205,1.616630602782071,0.1499999999999999,3556.7,1731.1728306231114,411.0,6.0,3.0,0.0,5.7,2.727272727272727,1.0,455.54973333333334,191.9865,98.11226666666668,279.8409111111111,110.43022593626291,292.7787661988375,0.3256278510551128,0.3946178759131344,93.87423333333332
156,Ta15W45,73.75,36.748299319727884,1.0,137.5,69.91071428571428,10.0,2.145,0.917098445595855,0.8599999999999999,18.6385,8.939817544640373,2.646000000000001,0.692695,0.23091009084040554,0.49426,8.485,4.141753012048193,0.7400000000000002,833.75,407.5211267605634,69.0,3.1975000000000002,1.616630602782071,0.1499999999999999,3577.25,1731.1728306231114,411.0,6.0,3.0,0.0,5.75,2.727272727272727,1.0,482.2870666666667,190.17723333333333,110.56756666666666,287.54717777777785,123.61642545974577,324.3674594046655,0.3119917446176762,0.4298996304365713,79.60966666666667
157,Ta12W48,73.8,36.748299319727884,1.0,137.0,69.91071428571428,10.0,2.188,0.917098445595855,0.8599999999999999,18.7708,8.939817544640373,2.646000000000001,0.717408,0.23091009084040554,0.49426,8.521999999999998,4.141753012048193,0.7400000000000002,837.2,407.5211267605634,69.0,3.19,1.616630602782071,0.1499999999999999,3597.8,1731.1728306231114,411.0,6.0,3.0,0.0,5.8,2.727272727272727,1.0,501.9539333333333,190.7893333333333,118.6644,294.51086666666663,132.27009567983384,345.1406716144996,0.30468141661411263,0.4491178786606194,72.1249333333333
158,Ta6W54,73.9,36.748299319727884,1.0,136.0,69.91071428571428,10.0,2.274,0.917098445595855,0.8599999999999999,19.0354,8.939817544640373,2.646000000000001,0.766834,0.23091009084040554,0.49426,8.596,4.141753012048193,0.7400000000000002,844.1,407.5211267605634,69.0,3.175,1.616630602782071,0.1499999999999999,3638.9,1731.1728306231114,411.0,6.0,3.0,0.0,5.9,2.727272727272727,1.0,509.96166666666664,196.91003333333333,123.95303333333334,301.26057777777777,136.09489042501014,354.85000765257035,0.3036860037302312,0.45175140879335146,72.957
159,W6V54,28.1,17.54639175257732,51.0,135.0,67.5,0.0,1.7029999999999998,0.9641102756892229,0.73,7.429,4.640810704447069,13.190000000000001,0.554126,0.3195029300806704,0.29125999999999996,9.023699999999998,4.431072576552191,0.3929999999999989,549.05,321.0321990486645,335.5,3.0340000000000003,1.5442071197411003,0.14000000000000012,2312.0,1361.0958904109589,1520.0,4.2,2.4,2.0,5.1,2.727272727272727,1.0,292.15476666666666,148.88083333333336,16.621533333333332,196.6388111111111,31.30959377366569,89.1948006786996,0.4244004780688149,0.15922387649086298,132.25930000000002
160,W12V48,33.2,17.54639175257732,51.0,135.0,67.5,0.0,1.776,0.9641102756892229,0.73,8.748000000000001,4.640810704447069,13.190000000000001,0.583252,0.3195029300806704,0.29125999999999996,8.984399999999999,4.431072576552191,0.3929999999999989,582.6,321.0321990486645,335.5,3.048,1.5442071197411003,0.14000000000000012,2464.0,1361.0958904109589,1520.0,4.4,2.4,2.0,5.2,2.727272727272727,1.0,308.57773333333336,153.1141,28.382566666666662,204.9353111111111,43.08292970389845,120.78472046960613,0.4017700432600416,0.21022697099056736,124.73153333333335
161,W15V45,35.75,17.54639175257732,51.0,135.0,67.5,0.0,1.8125,0.9641102756892229,0.73,9.4075,4.640810704447069,13.190000000000001,0.597815,0.3195029300806704,0.29125999999999996,8.96475,4.431072576552191,0.3929999999999989,599.375,321.0321990486645,335.5,3.055,1.5442071197411003,0.14000000000000012,2540.0,1361.0958904109589,1520.0,4.5,2.4,2.0,5.25,2.727272727272727,1.0,318.33240000000006,155.37496666666667,28.815366666666666,209.69411111111114,44.37180399726283,124.34485043086808,0.4011696531263252,0.2116025279019468,126.5596
162,W18V42,38.3,17.54639175257732,51.0,135.0,67.5,0.0,1.849,0.9641102756892229,0.73,10.067,4.640810704447069,13.190000000000001,0.612378,0.3195029300806704,0.29125999999999996,8.945099999999998,4.431072576552191,0.3929999999999989,616.15,321.0321990486645,335.5,3.062,1.5442071197411003,0.14000000000000012,2616.0,1361.0958904109589,1520.0,4.6,2.4,2.0,5.3,2.727272727272727,1.0,331.6307,158.64683333333335,34.78613333333333,216.30812222222218,50.593500356299174,140.80278742222603,0.3915106330915816,0.23389551828443317,123.86070000000001
163,W24V36,43.4,17.54639175257732,51.0,135.0,67.5,0.0,1.922,0.9641102756892229,0.73,11.386000000000001,4.640810704447069,13.190000000000001,0.641504,0.3195029300806704,0.29125999999999996,8.9058,4.431072576552191,0.3929999999999989,649.7,321.0321990486645,335.5,3.076,1.5442071197411003,0.14000000000000012,2768.0,1361.0958904109589,1520.0,4.8,2.4,2.0,5.4,2.727272727272727,1.0,359.0403666666666,163.76596666666666,44.75480000000001,228.8574333333333,61.52011376632886,169.38284051896576,0.3766460280155741,0.2688141384366754,119.01116666666664
164,W30V30,48.5,17.54639175257732,51.0,135.0,67.5,0.0,1.9949999999999999,0.9641102756892229,0.73,12.705,4.640810704447069,13.190000000000001,0.67063,0.3195029300806704,0.29125999999999996,8.8665,4.431072576552191,0.3929999999999989,683.25,321.0321990486645,335.5,3.0900000000000003,1.5442071197411003,0.14000000000000012,2920.0,1361.0958904109589,1520.0,5.0,2.4,2.0,5.5,2.727272727272727,1.0,392.00423333333333,166.63976666666667,57.56113333333332,241.76125555555558,75.58678816219665,205.35854426647583,0.3584288290290271,0.3126505443914158,109.07863333333336
165,V24W36,53.6,17.54639175257732,51.0,135.0,67.5,0.0,2.0679999999999996,0.9641102756892229,0.73,14.024000000000001,4.640810704447069,13.190000000000001,0.699756,0.3195029300806704,0.29125999999999996,8.8272,4.431072576552191,0.3929999999999989,716.8,321.0321990486645,335.5,3.104,1.5442071197411003,0.14000000000000012,3072.0,1361.0958904109589,1520.0,5.2,2.4,2.0,5.6,2.727272727272727,1.0,422.15079999999995,172.40030000000002,68.79203333333332,255.65046666666672,87.54089956602712,235.7175676604304,0.3463282238871784,0.3424241727677677,103.6082666666667
166,V18W42,58.7,17.54639175257732,51.0,135.0,67.5,0.0,2.1409999999999996,0.9641102756892229,0.73,15.343,4.640810704447069,13.190000000000001,0.728882,0.3195029300806704,0.29125999999999996,8.7879,4.431072576552191,0.3929999999999989,750.35,321.0321990486645,335.5,3.118,1.5442071197411003,0.14000000000000012,3224.0,1361.0958904109589,1520.0,5.4,2.4,2.0,5.7,2.727272727272727,1.0,455.5808666666667,182.82456666666667,87.69866666666667,273.74333333333334,104.7380597454712,278.6727983741148,0.3303320638711964,0.3826141023055826,95.1259
167,V15W45,61.25,17.54639175257732,51.0,135.0,67.5,0.0,2.1774999999999998,0.9641102756892229,0.73,16.0025,4.640810704447069,13.190000000000001,0.7434449999999999,0.3195029300806704,0.29125999999999996,8.76825,4.431072576552191,0.3929999999999989,767.125,321.0321990486645,335.5,3.125,1.5442071197411003,0.14000000000000012,3300.0,1361.0958904109589,1520.0,5.5,2.4,2.0,5.75,2.727272727272727,1.0,479.5982333333333,184.4319,99.5394,282.8206777777778,116.59913003183664,307.5347098418332,0.3187693156795546,0.4122722954629671,84.89250000000001
168,V12W48,63.8,17.54639175257732,51.0,135.0,67.5,0.0,2.214,0.9641102756892229,0.73,16.662000000000003,4.640810704447069,13.190000000000001,0.758008,0.3195029300806704,0.29125999999999996,8.7486,4.431072576552191,0.3929999999999989,783.9,321.0321990486645,335.5,3.132,1.5442071197411003,0.14000000000000012,3376.0,1361.0958904109589,1520.0,5.6,2.4,2.0,5.8,2.727272727272727,1.0,499.1327333333333,185.43903333333333,112.85096666666668,290.0036,128.78124791596412,336.5297413755335,0.3065945035535574,0.44406775611049004,72.58806666666665
169,V6W54,68.9,17.54639175257732,51.0,135.0,67.5,0.0,2.287,0.9641102756892229,0.73,17.981,4.640810704447069,13.190000000000001,0.787134,0.3195029300806704,0.29125999999999996,8.7093,4.431072576552191,0.3929999999999989,817.45,321.0321990486645,335.5,3.1460000000000004,1.5442071197411003,0.14000000000000012,3528.0,1361.0958904109589,1520.0,5.8,2.4,2.0,5.9,2.727272727272727,1.0,509.7796666666666,193.53373333333334,121.82903333333333,298.94904444444444,135.24588232792524,352.56962314551816,0.3034393989558097,0.4524044643770682,71.70470000000002
