,formula,C_11,C_12,C_13,C_14,C_15,C_16,C_21,C_22,C_23,C_24,C_25,C_26,C_31,C_32,C_33,C_34,C_35,C_36,C_41,C_42,C_43,C_44,C_45,C_46,C_51,C_52,C_53,C_54,C_55,C_56,C_61,C_62,C_63,C_64,C_65,C_66,K,G,E,v
0,Nb16Mo24W24,413.84700000000004,178.7925,186.8897,4.3808,20.2274,-2.3078,177.89960000000002,405.81,192.0973,14.109,-7.979699999999999,-12.1927,187.23499999999999,191.60920000000002,400.5551,-17.0792,-11.3844,7.665699999999999,4.7509999999999994,13.040700000000001,-18.3687,122.45239999999998,8.6176,-8.7302,21.6225,-6.6026,-11.6304,7.782299999999999,111.67660000000001,3.1607,-2.396,-9.7836,7.9434,-9.6205,1.6480000000000001,104.6113,259.53012222222225,111.90345820597187,293.5234993964731,0.31150325513715377
1,Nb16V24Mo24,304.1595,157.9519,165.3169,2.6645,25.8983,7.0782,157.63989999999998,281.9751,183.5997,16.9972,-14.627699999999999,-18.5049,166.06279999999998,183.054,271.2523,-21.503999999999998,-12.2188,10.520999999999999,4.257,16.771,-19.9301,61.7299,6.4455,-14.8286,24.9242,-13.6544,-12.0024,7.0771,62.027,3.0284,5.3571,-18.2374,10.6235,-15.0294,3.5987,48.4884,207.90265555555558,57.814865794524025,158.73096543627045,0.3727521741588541
2,Nb16V24W24,318.9184,176.23399999999998,176.378,2.9539999999999997,20.238999999999997,7.125100000000001,174.1282,304.8718,188.8074,10.204699999999999,-8.952,-14.6527,176.56099999999998,188.1368,297.5535,-14.079400000000001,-9.7354,8.9582,1.2537,9.9512,-12.8792,65.55080000000001,7.8098,-11.3934,19.1643,-7.751099999999999,-9.7278,10.3868,63.93339999999999,3.7651000000000003,3.2903,-12.382200000000001,8.6592,-9.707699999999999,0.8326,62.7638,222.68694444444444,63.776791694682956,174.65667991002195,0.36928085647637726
3,Nb24Mo16W24,381.90749999999997,168.71179999999998,182.7069,3.2664,28.496,10.238800000000001,168.7219,393.57460000000003,185.6048,14.8122,-15.0973,-10.234,183.0645,185.7715,370.4681,-17.9293,-13.0241,3.7615000000000003,2.9112999999999998,15.9578,-17.2909,106.8597,5.9575000000000005,-15.7149,29.1775,-16.605600000000003,-13.1026,5.9937,97.8446,3.842,10.1414,-11.6458,3.2177999999999995,-14.5946,3.6738,90.8321,246.66635555555558,99.69179946106823,263.5678493052301,0.3219133907205625
4,Nb24Mo24W16,376.4312,165.28640000000001,175.9028,4.7704,27.251799999999996,13.972399999999999,165.0721,382.6646,176.7721,13.0745,-15.097999999999999,-13.5729,175.798,176.25920000000002,370.2634,-16.156299999999998,-11.5808,2.8315,4.0952,14.1017,-15.613,104.11099999999999,7.379600000000001,-17.875700000000002,28.076,-16.3542,-11.5563,7.435599999999999,94.5026,0.40149999999999997,14.7834,-14.1375,1.6295000000000002,-16.4731,-0.2484,88.7122,240.58686666666668,98.17976134517485,259.27111335303175,0.3203898125271512
5,Nb24V16Mo24,282.8182,161.095,169.54469999999998,3.2109,29.7155,11.7613,159.4558,282.698,175.5664,16.0347,-12.998,-15.1891,171.0744,174.61489999999998,270.14520000000005,-20.8431,-13.3081,5.5453,4.5809,15.7807,-20.430699999999998,65.9545,6.874599999999999,-14.075999999999999,30.082100000000004,-12.857800000000001,-14.5671,6.920699999999999,55.2384,2.5606999999999998,11.9606,-15.1477,5.4753,-13.8143,2.2576,47.6942,205.3415111111111,55.73694755238958,153.33713564573782,0.375542995977754
6,Nb24V16W24,318.6988,172.6386,177.8115,-1.1586,19.4134,6.4704999999999995,169.3539,298.9433,187.5276,17.4467,-9.585899999999999,-13.7346,177.4309,188.5385,294.8035,-11.428,-7.7916,9.9138,-0.5075999999999999,14.6714,-11.4039,69.9394,7.656999999999999,-8.666599999999999,19.7426,-8.381,-7.1774000000000004,5.924,60.0117,6.1948,4.5671,-12.326,8.1539,-9.1401,4.6349,62.542100000000005,220.93344444444446,63.457323199070544,173.73807184189775,0.36893634243653745
7,Nb24V24Mo16,267.915,156.1523,156.459,2.6286,23.607,5.4952,156.6198,257.01300000000003,170.92360000000002,15.0083,-11.1044,-15.4007,157.9404,171.411,251.102,-18.590899999999998,-13.0382,4.2924999999999995,3.3847,13.2895,-17.9488,55.2368,4.4472000000000005,-11.9932,22.0299,-10.5818,-13.8018,3.6765,53.5681,4.9277,5.2807,-13.418199999999999,3.4387999999999996,-11.9615,4.7995,38.4907,193.67775555555556,48.95849376750735,135.46136005910537,0.38343063312344017
8,Nb24V24W16,283.3813,165.693,167.3605,3.0094000000000003,16.493299999999998,4.944599999999999,162.9819,267.8139,174.4415,13.196000000000002,-9.4024,-14.1102,167.4896,174.48409999999998,266.3939,-13.9549,-10.4176,4.837400000000001,2.8461,13.2838,-14.827699999999998,56.5817,4.4896,-9.8475,15.0315,-9.4202,-11.004999999999999,3.8745,52.983799999999995,2.964,6.1274999999999995,-12.7117,5.0912,-10.7157,3.4093000000000004,42.781400000000005,203.6199,51.14042587710456,141.56927161201054,0.3841229241247945
9,Nb48Mo8W8,260.9645,163.18540000000002,171.2381,2.7249,22.0754,7.2898,162.51420000000002,257.1272,179.254,16.777,-14.4739,-5.0683,171.30509999999998,178.5347,244.43290000000002,-17.767400000000002,-11.5848,2.2875,0.185,16.668799999999997,-16.0821,53.998900000000006,8.582899999999999,-14.0903,23.685200000000002,-14.502699999999999,-11.9822,8.462,46.8723,6.2283,7.4274000000000004,-5.7152,2.5952,-13.967400000000001,5.507099999999999,33.7642,198.8755111111111,43.484427474991946,121.59124655025799,0.39810103996638274
10,Nb48V8Mo8,239.42710000000002,149.6734,155.3322,0.99,22.0126,7.095000000000001,151.1059,233.7134,163.5808,15.5909,-11.4102,-11.8557,155.4383,164.7039,228.26979999999998,-15.934299999999999,-10.7897,5.4989,1.4368,13.8006,-16.6199,44.6443,3.5848,-10.2905,21.1134,-12.1687,-10.715900000000001,2.7994,39.7859,4.6402,6.0561,-11.1645,5.6746,-11.241299999999999,3.8962000000000003,33.823899999999995,182.06478888888887,39.171254630441695,109.65002642452855,0.3996236201650116
11,Nb48V8W8,242.99140000000003,152.1051,160.90019999999998,0.4201,22.003700000000002,5.9704,153.8537,240.5679,164.6921,11.9977,-11.5702,-11.6851,161.07829999999998,166.1816,237.5009,-16.1001,-10.015699999999999,6.8210999999999995,-0.1944,13.1655,-16.9822,46.5457,3.1661,-6.7441,20.0858,-11.4875,-10.1374,3.876,44.5646,4.0622,3.8125999999999998,-11.192,8.5887,-8.768,4.1309,31.623399999999997,186.2727777777778,40.77056391015557,113.99479882670907,0.39800370529476564
12,Nb8Mo48W8,424.64849999999996,172.1945,185.1685,5.0312,30.0959,4.571,172.5834,417.04089999999997,192.3903,16.9447,-15.987100000000002,-15.703,185.034,192.72070000000002,402.8456,-20.7182,-12.6956,9.330200000000001,4.043699999999999,19.3339,-20.9242,123.8806,10.1876,-16.357300000000002,31.6505,-16.416900000000002,-12.6417,10.9197,112.8957,5.381600000000001,4.9586,-15.5221,9.8956,-15.0905,4.4567,109.9402,260.4490666666666,115.66202759777963,302.24505600193515,0.30658722780222725
13,Nb8Mo8W48,472.38239999999996,193.0837,203.7894,3.0049,22.8983,3.1429,195.4364,466.13190000000003,206.05349999999999,10.3368,-15.1505,-14.8058,202.6345,205.5319,462.7395,-17.9016,-13.7726,5.735799999999999,4.3363,9.283,-19.515700000000002,138.92149999999998,4.9203,-12.8995,20.8931,-12.2504,-11.766,6.2773,132.50730000000001,1.4936,3.6696,-14.794300000000002,6.5280000000000005,-14.405600000000002,1.7068999999999999,123.7524,289.67855555555553,132.25645769138555,344.36177840056155,0.3018713203559185
14,Nb8V48Mo8,248.06350000000003,154.57729999999998,164.8403,0.9544,18.3783,7.881100000000001,152.8529,244.2339,165.5535,13.9423,-11.7366,-14.4726,164.0532,167.25039999999998,243.02100000000002,-15.919999999999998,-6.963800000000001,6.1716999999999995,1.2010999999999998,14.3654,-16.665,51.4097,3.0939,-6.859,16.9772,-10.7026,-7.573,4.3721,47.050799999999995,1.3699999999999999,9.2189,-14.437299999999999,7.6488,-7.8819,2.4853,32.9191,189.4734,42.95367200277261,119.80754796030774,0.39461357288119975
15,Nb8V48W8,249.75709999999998,162.4495,168.5285,1.4413,18.666,-0.0185,163.34539999999998,248.61039999999997,169.9355,11.5688,-10.8826,-12.955400000000001,166.6797,172.50830000000002,241.67530000000002,-13.5609,-8.4436,6.6685,2.3166,9.5705,-13.934899999999999,49.0882,0.6875,-7.580500000000001,18.270699999999998,-8.6256,-6.7893,1.3748,44.4135,-1.3161,1.1652,-13.5417,7.9174999999999995,-10.357099999999999,2.3643,29.3216,193.5410888888889,40.50309915583109,113.58578400149479,0.4021863310321804
16,Nb8V8Mo48,388.7294,161.8921,170.87439999999998,2.8824,24.424500000000002,13.517900000000001,160.6298,383.873,179.2867,16.1269,-15.5983,-16.176499999999997,171.36169999999998,179.877,378.207,-19.4828,-10.529300000000001,7.332299999999999,5.7284,13.317699999999999,-20.1988,117.3475,7.0739,-14.041599999999999,22.1188,-12.1769,-10.0496,7.0045,110.61769999999999,3.0956,10.9723,-14.178299999999998,7.3797,-15.1303,2.5143,92.2338,241.65731111111108,106.62346235472502,278.8580289506366,0.3076766726206344
17,Nb8V8W48,444.29799999999994,193.1609,197.4499,1.9512,13.9744,2.6719,193.5665,433.92510000000004,206.93380000000002,15.036600000000002,-5.7755,-9.0467,196.3646,206.29090000000002,433.52650000000006,-12.6217,-6.2134,5.8811,5.233,14.120500000000002,-13.2929,132.2363,9.6984,-0.7402,12.2903,-3.9539,-6.0628,9.0704,123.6233,3.0149,2.4313,-8.2419,5.5847,-3.8805,3.3338,115.2252,278.5376444444445,121.80906535626579,318.93531968636194,0.3091608524929713
18,Ta16Mo24W24,427.51800000000003,186.9121,188.6658,0.7045,17.3147,2.2296,186.2396,414.7414,197.3724,13.0137,-7.9629,-10.4275,187.3791,196.7894,413.8433,-14.188399999999998,-7.6342,4.1523,1.31,11.7897,-14.467699999999999,125.71220000000001,7.302,-5.2643,16.369999999999997,-7.448,-7.2814,6.5602,116.397,2.9114,2.0923,-10.1678,3.6904000000000003,-5.8046999999999995,1.6138000000000001,113.5898,266.88925555555556,116.6603164974459,305.47245892588427,0.30923894301526295
19,Ta16Nb24Mo24,295.0473,166.0811,171.6003,4.7755,22.6002,5.749499999999999,163.4426,288.9837,181.50799999999998,11.7701,-10.5193,-13.8363,169.9232,183.3946,276.8791,-18.0026,-7.472799999999999,5.806900000000001,4.292199999999999,11.6973,-18.072499999999998,64.1283,5.601100000000001,-9.9718,24.2202,-11.647400000000001,-7.4158,5.3138,55.017700000000005,-1.6553999999999998,6.9848,-14.742099999999999,6.1058,-10.6434,-0.9842000000000001,49.7996,211.03209999999999,56.56963782782154,155.7885917083308,0.3769629583142952
20,Ta16Nb24V24,235.5634,148.3912,151.18810000000002,0.9208999999999999,10.9822,1.5128,149.6991,238.01239999999999,154.2624,8.3786,-5.8065,-2.1424,151.5737,154.61700000000002,229.8964,-10.636700000000001,-6.9923,-0.3949,1.121,8.549299999999999,-10.082899999999999,45.3602,2.5949,-6.592700000000001,11.5751,-4.93,-7.2326,2.3681,44.3217,2.5762,1.2846,-0.6681,0.0421,-7.0732,1.9448,38.7687,179.01728888888888,42.32796680178439,117.70679062308531,0.3904139451617038
21,Ta16Nb24W24,318.7137,180.27270000000001,182.3247,-1.2892,12.0616,4.8595,179.6817,307.9797,189.1513,14.0428,-4.093500000000001,-8.462,182.3536,189.4664,300.6584,-8.9231,-2.2206,5.0628,-0.8044,12.872800000000002,-9.761,71.7893,6.443099999999999,-6.7871,14.3047,-5.6124,-1.8052,3.6444,62.262800000000006,6.6218,3.9747999999999997,-6.2394,4.9363,-5.3942,2.489,65.5559,225.64991111111112,64.93284567115872,177.74890719491836,0.3687133634578198
22,Ta16V24Mo24,317.37620000000004,166.0249,165.95499999999998,0.6832,19.7626,3.2953,163.04590000000002,297.63980000000004,180.9081,16.438499999999998,-8.2239,-10.3256,166.6764,180.6417,292.0158,-15.7828,-9.7545,5.5626,3.5752,13.7494,-13.580099999999998,66.578,9.4271,-9.5519,20.5642,-8.3655,-8.8835,9.125499999999999,65.6849,1.3349,1.8846,-10.1538,5.2673000000000005,-9.4145,1.5364,64.0749,214.75642222222223,65.54370378814072,178.47431252409558,0.3614909000335453
23,Ta16V24W24,327.5795,175.9194,181.8659,-2.9078,12.1053,11.159600000000001,177.4807,328.7441,177.9885,6.63,-6.968999999999999,-5.4033,182.8941,179.246,323.66729999999995,-7.1771,-6.6652000000000005,-0.4241,-4.7869,9.351600000000001,-7.1786,73.3643,3.3327,-8.4708,11.473600000000001,-7.964499999999999,-6.983499999999999,4.6142,72.7516,-0.2767,11.024,-4.9501,-1.5351000000000001,-8.2164,-0.4208,66.3237,227.9487222222222,72.08525840324162,195.6337281295354,0.35696071889740155
24,Ta24Mo16W24,389.8314,187.7822,193.0991,2.6505,21.645599999999998,4.3536,187.9824,385.98609999999996,197.52270000000001,11.2381,-13.902000000000001,-12.143899999999999,192.5513,196.1581,379.1707,-11.9524,-6.3083,5.6407,2.7398,10.6346,-11.7748,104.8921,2.8164000000000002,-10.0661,21.3455,-11.8432,-6.3296,4.0851,97.642,-0.39940000000000003,3.5077,-11.6584,6.1497,-9.6154,0.7742,94.74640000000001,256.8662444444444,97.8839750934569,260.5553334180441,0.3309396822578624
25,Ta24Mo24W16,379.2418,187.4316,184.2172,1.9917000000000002,24.6809,0.6305,185.9408,374.73310000000004,188.4808,15.0715,-14.121100000000002,-5.9982,183.631,188.634,380.3945,-13.012799999999999,-6.6648,5.1894,2.8236999999999997,14.9608,-12.7957,105.68230000000001,3.5325,-9.6409,22.963,-12.937100000000001,-7.3762,4.6744,98.71889999999999,5.6288,1.1875,-6.3275,4.2744,-10.706999999999999,6.563899999999999,91.9872,250.5142888888889,97.54851806121137,259.0247441727489,0.327671344070095
26,Ta24Nb16Mo24,308.7697,164.33620000000002,172.4562,5.5198,17.7268,4.8774999999999995,161.1308,293.9349,184.5118,9.0801,-12.277800000000001,-15.2245,171.76069999999999,183.39690000000002,284.3183,-12.2924,-2.9572,8.6732,6.0618,6.645999999999999,-12.4418,62.139700000000005,5.4142,-8.571,17.930799999999998,-11.474599999999999,-1.6037,5.5344999999999995,55.748599999999996,0.4647,5.0973999999999995,-14.462399999999999,8.9348,-8.1434,1.0576,54.753499999999995,214.4034777777778,58.886247721129074,161.84202234311664,0.3741920109221514
27,Ta24Nb16V24,234.2518,152.8461,154.6539,-0.1049,4.296,-0.034999999999999996,151.0943,227.0127,164.14090000000002,7.3382000000000005,0.518,1.1432,157.7803,163.8789,231.4429,-6.353199999999999,-5.8022,-1.9667000000000001,1.6526,6.8855,-6.206300000000001,42.7849,2.391,-3.1972,4.8828000000000005,0.7417,-9.0547,0.5818,39.8518,0.7933,0.9632999999999999,2.3838999999999997,-4.2262,-3.4545000000000003,-0.0692,36.4135,181.77657777777776,38.52234118722016,107.9419546342449,0.4010305618451715
28,Ta24Nb16W24,314.7259,181.4592,185.05689999999998,1.1802,15.8954,2.6904,180.07840000000002,315.1649,191.5449,7.8762,-6.8837,-5.2512,187.11759999999998,189.452,307.4765,-3.0521000000000003,-1.4956,8.157,-0.8872,6.9266000000000005,-1.6031,67.3014,7.1593,-5.3607,16.716,-7.2413,-1.8475000000000001,8.198,58.5797,4.1403,1.0211000000000001,-3.5124000000000004,5.7851,-1.4173,0.8794000000000001,66.69669999999999,228.1654777777778,63.80085368004047,175.08331599829413,0.37210794134771424
29,Ta24Nb24Mo16,266.2618,166.57760000000002,170.1836,2.2882000000000002,16.517500000000002,3.9445,166.1836,263.82759999999996,175.8963,7.9156,-6.9527,-13.5144,169.3648,175.4799,254.8612,-14.9703,-10.229600000000001,2.0387,3.6174,8.6588,-13.8984,51.935,4.6137999999999995,-7.1581,14.8077,-8.0517,-9.9162,5.7924999999999995,51.832100000000004,1.204,3.0157,-13.3406,3.6688,-5.7897,0.2894,38.908,201.14062222222222,46.675606625736634,129.9731940285492,0.3923032117260452
30,Ta24Nb24V16,236.6924,152.6411,157.1191,0.0314,4.4118,5.4189,151.8075,238.1525,155.04760000000002,6.4659,-2.8268999999999997,-1.1387,156.1808,155.5087,232.92669999999998,-8.6425,-2.9046,-4.0235,0.9369999999999999,5.3298000000000005,-8.069799999999999,45.4026,4.0161999999999995,-3.4511000000000003,5.9608,-2.2802,-3.1343,5.1861,43.5022,1.6656,6.6928,-1.2957,-4.225099999999999,-4.8331,3.4305,40.0593,181.93191111111113,41.972416414556164,116.92552143177936,0.39288527347247554
31,Ta24Nb24W16,295.07869999999997,168.996,172.4012,2.4626,8.495000000000001,2.997,170.3576,284.8317,177.9153,5.4196,-5.6404000000000005,-8.1381,173.7058,178.4285,277.794,-10.4054,-7.206999999999999,3.2948999999999997,0.6504,6.032,-10.369499999999999,62.87329999999999,1.4272,-3.1091,7.326600000000001,-5.6706,-6.6213,2.0896,60.705799999999996,-0.6513,3.868,-10.4998,3.2763,-5.316,1.8486999999999998,47.4928,210.70326666666665,56.773011694168964,156.28250462139917,0.3763802549640907
32,Ta24V16Mo24,310.1014,167.108,167.1882,3.1299,18.3138,3.0449,164.9623,299.53180000000003,179.671,10.4345,-8.2559,-11.109300000000001,167.6862,180.6141,298.5074,-8.345,-6.556100000000001,7.2911,3.9463999999999997,9.744299999999999,-7.6878,68.8689,7.9719999999999995,-11.1413,16.5471,-7.6099000000000006,-7.082299999999999,6.802,60.170100000000005,0.6947,3.2293999999999996,-12.0223,6.7997,-10.742,0.4509,64.4234,215.11944444444444,64.96802096777886,177.0777058088319,0.3628066791249059
33,Ta24V16W24,324.12170000000003,178.216,186.0924,-2.193,10.347199999999999,9.049,178.8173,325.8414,180.6479,6.696899999999999,-9.9977,-4.1884999999999994,185.64600000000002,181.8639,321.719,-4.201,-2.114,0.8328,-2.1696999999999997,6.3118,-6.2682,72.4836,4.1501,-7.731,8.1765,-7.85,-1.7405000000000002,5.7376,66.2136,1.6748,7.5093000000000005,-3.1777,1.1014,-6.4021,1.4611,68.0761,229.06607777777776,69.79480418880738,190.0791569684346,0.3616999085937445
34,Ta24V24Mo16,286.54540000000003,164.0942,164.6257,2.9124,16.2856,5.7970999999999995,162.5442,278.8505,174.3672,7.2248,-5.7766,-11.0457,164.0113,173.6745,268.31579999999997,-10.0302,-6.726999999999999,2.5717,1.8072,6.167,-9.289100000000001,57.482000000000006,4.774900000000001,-5.2869,15.6491,-6.4351,-7.7879000000000005,5.2468,51.5067,0.040999999999999995,6.787699999999999,-12.1482,1.0227,-5.5646,1.1153,54.8716,204.43176666666668,54.81318806293878,150.948556488851,0.3769364802821324
35,Ta24V24W16,298.5514,168.92149999999998,171.68789999999998,0.9391,7.099200000000001,5.5316,168.44459999999998,297.50390000000004,179.8158,7.7383,-0.8651,-2.6126,170.82580000000002,180.0448,286.5693,-5.1219,-2.2539000000000002,1.7009,1.7966000000000002,6.4079999999999995,-5.0937,62.5029,5.5028,-2.4608,5.7542,0.353,-4.4787,6.3255,57.0558,0.9896,5.6314,-3.0957,2.1881,-2.8438,1.9951,61.165800000000004,213.71944444444443,60.2914955474988,165.3278390319873,0.37107097386346016
36,Ta48Mo8W8,306.7758,169.6888,172.6061,0.7205,1.1271,-0.7767000000000001,171.6481,305.7409,173.0594,8.2858,-1.6934999999999998,-0.4327,172.7616,175.1808,305.01030000000003,-0.1038,4.4077,3.96,-0.3699,7.4622,0.2016,69.86240000000001,3.2198,1.9702000000000002,-3.8694,0.6704,6.5099,3.2047,69.37519999999999,-1.6343,1.157,-0.9551000000000001,3.4418999999999995,2.6839,-0.1638,68.2628,216.4706222222222,68.30351287383127,185.40961943863104,0.3572480509246691
37,Ta48Nb8Mo8,285.4469,163.0494,157.0942,-4.5857,0.048,-3.3784,163.56130000000002,273.84450000000004,162.49259999999998,0.9936999999999999,-2.4565,-3.6,159.9934,163.2887,278.9756,1.0671,1.0104,3.0733,-3.6936999999999998,0.6940000000000001,0.5214000000000001,60.4491,-2.0809,-1.0605,-0.2875,-2.7668,2.4374,-2.2331,62.763,-2.1907,-2.4858000000000002,-4.419700000000001,3.6476999999999995,-1.2048999999999999,-1.6911,59.0095,200.39326666666668,60.14871550336602,164.0343274584828,0.363572988098999
38,Ta48Nb8V8,252.25169999999997,157.531,157.2137,-1.7866,-5.3109,-5.0581000000000005,157.2197,251.2181,154.5449,0.05550000000000001,5.3248,1.754,156.4725,156.4188,262.2804,2.2506,1.0533,-2.214,1.6419000000000001,0.7857000000000001,2.4808,57.432500000000005,-2.8676,8.8963,-6.3322,5.8178,1.1158,-2.8695,60.2043,1.2747,-5.665100000000001,2.2920000000000003,-1.7036000000000002,6.1487,0.8187,51.1396,189.3699333333333,53.41138887183368,146.4641945905898,0.3710951698152454
39,Ta48Nb8W8,297.4409,171.6907,156.9172,1.2801,-1.4902,-8.4679,171.1816,294.0034,155.1491,-4.2656,-0.1109,3.3998,159.5365,156.7286,296.9491,4.153499999999999,3.0949999999999998,2.2648,0.0736,-4.9057,2.3122,68.0056,-2.6882,1.5292,-2.5507999999999997,-2.1137,1.3611,-0.7108,69.4268,-1.7271999999999998,-7.909000000000001,3.8649,1.0977999999999999,2.1304,0.3257,71.856,206.21193333333335,68.82396516811478,185.80128281632673,0.34982983298386
40,Ta48V8Mo8,281.692,164.0769,156.22840000000002,-0.6169,-2.2016999999999998,-1.4654,164.3304,283.5706,159.7492,1.2313,0.7927,3.2058999999999997,156.6741,160.3952,275.1664,2.4327,0.0653,0.2298,-0.9228999999999999,1.2711000000000001,2.1957,59.701499999999996,2.3317,1.7120000000000002,-3.7529000000000003,1.4115,0.5816,1.9288,61.2201,0.048799999999999996,-0.7393,2.867,0.1706,1.614,0.4995,62.364599999999996,200.05977777777775,60.68008934121873,165.32533690764075,0.3622700518614652
41,Ta48V8W8,286.2194,169.368,159.10039999999998,1.3454000000000002,-2.4349,-4.5302,168.7584,295.0662,158.3696,-1.1300000000000001,3.0721,6.606199999999999,159.942,158.44459999999998,291.2169,3.8375,4.9988,1.2519,2.9169,-3.7304000000000004,3.9345999999999997,64.8067,0.36819999999999997,5.7111,-7.3999,5.7028,5.714,1.4412,66.0162,-3.0053,-5.3165,6.8643,1.1225,5.3395,-1.4007,68.4255,205.13094444444445,65.55221938875424,177.72520349331808,0.35560020050066826
42,Ta8Mo48W8,423.85450000000003,174.57909999999998,188.3764,3.2068,26.845800000000004,10.017100000000001,175.6627,418.66139999999996,194.51839999999999,19.8785,-14.244,-13.480500000000001,187.7432,194.7585,410.19899999999996,-18.9441,-11.4939,6.189500000000001,2.4028,21.718600000000002,-18.9478,126.27860000000001,8.4948,-15.1531,27.878300000000003,-15.0017,-11.5683,8.5077,117.2317,6.0094,9.963,-13.9529,6.618399999999999,-13.7955,5.6668,107.9079,263.0736333333333,116.63138764935101,304.84416714693157,0.3068701885955304
43,Ta8Mo8W48,479.4073,195.2668,204.69819999999999,2.5913,15.546000000000001,5.9134,195.796,473.0155,210.5197,7.1527,-9.335899999999999,-14.4112,205.76280000000003,211.7425,462.367,-18.7117,-10.2243,2.2710999999999997,2.0838,7.7521,-18.506899999999998,136.3346,5.3419,-10.8273,15.478,-12.3048,-10.592400000000001,5.5975,132.03379999999999,-1.7785,6.7348,-14.606200000000001,2.4198,-11.8582,-1.8254000000000001,121.06389999999999,292.86213333333336,131.4904998995944,343.1197118332338,0.30473194677653
44,Ta8Nb48Mo8,248.6099,153.0061,154.7875,-0.24820000000000003,20.2412,7.916500000000001,153.9876,243.32869999999997,166.8107,17.6281,-10.7267,-12.1446,156.1984,167.17739999999998,242.79149999999998,-17.4332,-10.9421,4.7331,1.1836,14.528899999999998,-16.378,48.097,2.5306,-9.398399999999999,20.2152,-11.5997,-10.466,0.6615,45.0482,3.5795000000000003,7.6134,-12.1154,5.037599999999999,-8.598099999999999,3.8534999999999995,34.7653,187.10429999999997,42.92238571015575,119.62006871000486,0.3934461788513992
45,Ta8Nb48V8,223.7304,149.5769,154.3262,0.8826,16.683500000000002,2.7282,149.50820000000002,223.07330000000002,156.95080000000002,7.882599999999999,-9.933,-6.524800000000001,155.28730000000002,157.8287,219.3762,-9.1969,-7.2065,4.9302,3.2149,6.774500000000001,-10.2812,39.543099999999995,4.1418,-10.794,16.202,-9.424,-6.195600000000001,2.762,34.2136,0.2395,2.4537,-5.0145,3.8994,-11.7082,-0.3015,32.782799999999995,176.43196666666668,34.99053213390575,98.46246946213834,0.40698731138656247
46,Ta8Nb48W8,250.5776,155.9729,161.42270000000002,1.6476,17.7024,7.5372,155.1572,253.1139,165.1611,12.0923,-7.8536,-9.8587,161.9675,164.40619999999998,254.5009,-13.9094,-12.4689,2.327,0.0889,11.5134,-14.4839,48.7727,3.5951,-9.1584,16.3512,-6.733499999999999,-11.4998,5.6278,43.5814,4.0821,7.2966,-7.6927,2.5679,-7.321599999999999,4.1966,37.5826,191.47842222222224,44.344603893481704,123.49999850376723,0.3925031194372753
47,Ta8Nb8Mo48,393.8005,167.1891,175.9335,3.0016,24.3206,8.8765,166.3869,384.8351,184.6354,16.4048,-13.134800000000002,-15.795599999999999,175.9086,183.5484,376.4415,-21.3888,-13.726499999999998,6.984699999999999,5.3578,14.993,-22.8033,113.84110000000001,4.8034,-13.6527,22.9426,-10.476099999999999,-14.4774,2.9467,108.52560000000001,1.9407,9.3895,-14.6016,6.4402,-17.1001,2.1185,92.8977,245.62145555555557,104.87382555333808,275.42216485077665,0.3131120343783915
48,Ta8Nb8V48,223.7543,149.97,157.7133,1.8668,16.7238,2.3019,149.8447,225.65120000000002,160.4808,10.6975,-8.6,-5.2908,161.2229,161.4096,225.3889,-13.5344,-8.4493,0.0219,3.3305,8.0203,-13.149600000000001,42.7416,2.0787,-3.8665,15.524899999999999,-5.39,-10.097,4.6838999999999995,38.2607,-0.5025000000000001,4.322699999999999,-4.2721,-0.4502,-5.2122,1.9204,30.299599999999998,179.01362222222224,36.01177754875097,101.2461756535497,0.40573699141187364
49,Ta8Nb8W48,453.00159999999994,194.28699999999998,196.9072,0.8166,14.4361,2.3242000000000003,193.5041,441.9796,205.1237,12.9882,-7.519299999999999,-11.7866,197.3039,205.8023,442.6486,-12.3982,-8.0704,5.699,3.253,10.9924,-11.8216,134.63510000000002,6.4982,-3.4441,12.091800000000001,-4.6505,-7.4425,6.3615,127.6646,3.5651,1.7690000000000001,-10.1927,4.384,-5.9365000000000006,5.1853,118.8709,281.14062222222225,125.6431161470985,328.05896436452275,0.3055190543843365
50,Ta8V48Mo8,254.8118,156.0872,162.89249999999998,1.0805,19.4988,3.0251,156.78969999999998,252.2819,171.6965,11.8082,-11.2546,-13.331100000000001,164.2549,172.5837,242.9281,-15.1512,-7.200799999999999,7.2137,1.6039999999999999,10.8513,-14.606399999999999,52.2024,3.0551,-5.4457,17.4137,-8.2703,-8.5148,3.8405,49.5618,-0.5793,4.2517000000000005,-13.3823,6.0313,-7.1897,2.9837,36.9557,192.37491111111112,45.009123980391664,125.258632219006,0.39148045042573176
51,Ta8V48W8,261.2935,167.16379999999998,162.9905,2.2549,15.74,-3.4444000000000004,166.3247,258.3763,172.471,11.6614,-6.8222,-8.2303,167.5667,172.0203,257.6997,-12.0937,-6.6400999999999994,9.989,3.4276000000000004,11.4052,-9.6369,56.0527,2.3364000000000003,-4.7699,16.2826,-5.8499,-8.4595,4.1315,52.213800000000006,-1.3877000000000002,-1.8771,-9.8803,4.6434,-6.486700000000001,2.2204,41.132400000000004,198.06889999999999,48.15536762429949,133.63604511618303,0.3875508765584576
52,Ta8V8Mo48,392.60880000000003,165.6414,179.1213,5.7905,23.5384,6.9670000000000005,165.1738,383.34810000000004,186.14010000000002,15.151900000000001,-11.9021,-15.755799999999999,179.39839999999998,185.1868,369.2118,-20.4039,-12.4401,8.4412,7.1167,14.6585,-21.628899999999998,113.8056,7.7825999999999995,-11.6213,22.4084,-10.4244,-11.680800000000001,7.578100000000001,106.5814,1.5507,7.263599999999999,-15.7704,10.4582,-13.0468,2.2476,94.134,245.2193666666667,103.84821899836456,273.00610518764756,0.3144476998298207
53,Ta8V8W48,460.3263,191.6963,198.6054,-0.9638,14.605699999999999,1.8507000000000002,191.7876,452.12700000000007,204.2625,9.0296,-8.0826,-8.953,198.7902,203.5263,449.80159999999995,-6.9556,-6.5703000000000005,4.8656999999999995,0.9077999999999999,8.1491,-7.893000000000001,132.575,3.1422,-6.072,13.168600000000001,-6.0363999999999995,-6.459099999999999,2.9120999999999997,129.20850000000002,4.3559,1.9629999999999999,-8.3176,5.1239,-6.2799,5.3735,123.29339999999999,283.4870333333334,128.1946021477428,334.20698040394035,0.30351424632829166
54,V16Mo24W24,419.1598,184.96890000000002,189.90550000000002,5.2887,18.818199999999997,1.7433,184.5428,407.6683,197.1445,13.1076,-8.1632,-12.5857,190.0549,195.906,406.10880000000003,-17.139,-10.1167,4.9401,4.9054,13.324700000000002,-17.8399,120.6058,9.7476,-8.3479,18.6419,-8.3416,-9.791500000000001,9.9734,110.48710000000001,1.323,2.3037,-12.6795,5.5668,-8.0833,0.9695,104.67519999999999,264.1083,111.21142998026714,292.56903861263635,0.3153730631129753
55,V24Mo16W24,387.4038,180.7262,195.4776,3.3206,33.6181,3.1962,180.6362,381.3371,198.7421,20.618299999999998,-21.133000000000003,-12.9959,195.2549,197.66379999999998,362.6502,-22.8363,-11.1631,9.6502,4.9592,18.607400000000002,-23.3684,101.2332,7.2378,-15.0876,32.1556,-19.125899999999998,-11.9525,7.698,91.5072,3.0803000000000003,3.2540999999999998,-13.4329,9.4735,-17.4848,4.764,89.58869999999999,253.47587777777778,93.55975645743023,249.92906814091768,0.335665448502079
56,V24Mo24W16,375.6319,179.6412,185.4308,0.9916,32.3854,9.0529,177.6644,372.24789999999996,189.0974,21.097,-20.6724,-12.4485,186.3862,189.0522,366.3245,-18.3026,-10.2141,7.2906,1.6843,19.5974,-17.836000000000002,104.51820000000001,6.144,-15.0762,31.8302,-18.53,-11.3836,6.797199999999999,92.8578,4.3068,10.3808,-11.6222,6.9402,-16.985599999999998,5.5783000000000005,84.35650000000001,246.9492333333333,93.68174085356014,249.4959393129479,0.33161455498009373
57,V48Mo8W8,296.65189999999996,162.4726,168.1963,2.1332999999999998,23.197300000000002,0.5397000000000001,162.9019,289.36379999999997,180.3138,16.5912,-10.937999999999999,-16.2863,168.2135,181.3553,280.9193,-15.0672,-6.9104,11.9934,1.6593,15.912799999999999,-15.2713,69.1503,7.602500000000001,-6.4714,22.8443,-8.4598,-7.947799999999999,8.5646,55.2778,3.5286999999999997,0.0571,-14.939400000000001,11.5081,-6.897799999999999,5.2792,55.289300000000004,209.87782222222222,59.67295456093867,163.52127917015378,0.37014565788898623
58,V8Mo48W8,422.80060000000003,172.62460000000002,185.8913,3.8482999999999996,29.4978,9.486,172.7577,418.73549999999994,192.41410000000002,18.0768,-16.0162,-14.705000000000002,186.39079999999998,192.0771,407.2978,-19.8704,-13.5101,7.4263,4.292199999999999,19.9956,-21.1546,126.1045,8.3248,-16.5052,30.571199999999997,-16.7594,-12.8507,8.6943,117.1831,6.8057,9.9878,-14.6889,7.6579999999999995,-14.543199999999999,5.706300000000001,106.94559999999998,261.1882111111111,116.57337876754704,304.42923939151615,0.3057408244062427
59,V8Mo8W48,478.3785,195.2285,204.349,5.0292,19.7725,8.0549,195.1139,472.65780000000007,208.2687,10.244499999999999,-10.9591,-14.3008,206.0794,208.467,463.10810000000004,-19.1252,-12.36,4.3358,4.412,9.7937,-18.532,140.9375,6.981399999999999,-13.9451,19.2651,-12.1982,-11.369299999999999,7.488200000000001,134.2201,0.2528,9.1137,-13.809800000000001,3.4949,-13.524600000000001,-0.517,121.65799999999999,292.2040888888889,133.11232817604667,346.6922574324085,0.30225450258030734
